create_at,flight_number,departure_airport,arrival_airport,flight_date,departure_time,arrival_time,classes,price
22:55:13 14/6/2025,VJ1198,SGN,HAN,16/07/2025,05:00,07:10,Skyboss,"5,000,600 VND"
22:55:13 14/6/2025,VJ1198,SGN,HAN,16/07/2025,05:00,07:10,Deluxe,"2,397,800 VND"
22:55:13 14/6/2025,VJ1198,SGN,HAN,16/07/2025,05:00,07:10,Eco,"1,803,800 VND"
22:55:13 14/6/2025,VJ1128,SGN,HAN,16/07/2025,06:00,08:10,Skyboss,"5,000,600 VND"
22:55:13 14/6/2025,VJ1128,SGN,HAN,16/07/2025,06:00,08:10,Deluxe,"2,570,600 VND"
22:55:13 14/6/2025,VJ1128,SGN,HAN,16/07/2025,06:00,08:10,Eco,"1,976,600 VND"
22:55:13 14/6/2025,VJ196,SGN,HAN,16/07/2025,06:15,08:25,Skyboss,"5,000,600 VND"
22:55:13 14/6/2025,VJ196,SGN,HAN,16/07/2025,06:15,08:25,Deluxe,"2,570,600 VND"
22:55:13 14/6/2025,VJ196,SGN,HAN,16/07/2025,06:15,08:25,Eco,"1,976,600 VND"
22:55:13 14/6/2025,VJ190,SGN,HAN,16/07/2025,07:10,09:20,Skyboss,"5,000,600 VND"
22:55:13 14/6/2025,VJ190,SGN,HAN,16/07/2025,07:10,09:20,Deluxe,"2,570,600 VND"
22:55:13 14/6/2025,VJ190,SGN,HAN,16/07/2025,07:10,09:20,Eco,"1,976,600 VND"
22:55:13 14/6/2025,VJ120,SGN,HAN,16/07/2025,07:30,09:40,Skyboss,"5,000,600 VND"
22:55:13 14/6/2025,VJ120,SGN,HAN,16/07/2025,07:30,09:40,Deluxe,"2,570,600 VND"
22:55:13 14/6/2025,VJ120,SGN,HAN,16/07/2025,07:30,09:40,Eco,"1,976,600 VND"
22:55:13 14/6/2025,VJ1126,SGN,HAN,16/07/2025,08:10,10:20,Skyboss,"5,000,600 VND"
22:55:13 14/6/2025,VJ1126,SGN,HAN,16/07/2025,08:10,10:20,Deluxe,"2,397,800 VND"
22:55:13 14/6/2025,VJ1126,SGN,HAN,16/07/2025,08:10,10:20,Eco,"1,803,800 VND"
22:55:13 14/6/2025,VJ124,SGN,HAN,16/07/2025,09:20,11:30,Skyboss,"5,000,600 VND"
22:55:13 14/6/2025,VJ124,SGN,HAN,16/07/2025,09:20,11:30,Deluxe,"2,570,600 VND"
22:55:13 14/6/2025,VJ124,SGN,HAN,16/07/2025,09:20,11:30,Eco,"1,976,600 VND"
22:55:13 14/6/2025,VJ1130,SGN,HAN,16/07/2025,10:25,12:35,Skyboss,"5,000,600 VND"
22:55:13 14/6/2025,VJ1130,SGN,HAN,16/07/2025,10:25,12:35,Deluxe,"2,570,600 VND"
22:55:13 14/6/2025,VJ1130,SGN,HAN,16/07/2025,10:25,12:35,Eco,"1,976,600 VND"
22:56:49 14/6/2025,VJ1198,SGN,HAN,18/07/2025,05:00,07:10,Skyboss,"5,000,600 VND"
22:56:49 14/6/2025,VJ1198,SGN,HAN,18/07/2025,05:00,07:10,Deluxe,"2,268,200 VND"
22:56:49 14/6/2025,VJ1198,SGN,HAN,18/07/2025,05:00,07:10,Eco,"1,674,200 VND"
22:56:49 14/6/2025,VJ1128,SGN,HAN,18/07/2025,06:00,08:10,Skyboss,"5,000,600 VND"
22:56:49 14/6/2025,VJ1128,SGN,HAN,18/07/2025,06:00,08:10,Deluxe,"2,570,600 VND"
22:56:49 14/6/2025,VJ1128,SGN,HAN,18/07/2025,06:00,08:10,Eco,"1,976,600 VND"
22:56:49 14/6/2025,VJ196,SGN,HAN,18/07/2025,06:15,08:25,Skyboss,"5,000,600 VND"
22:56:49 14/6/2025,VJ196,SGN,HAN,18/07/2025,06:15,08:25,Deluxe,"2,570,600 VND"
22:56:49 14/6/2025,VJ196,SGN,HAN,18/07/2025,06:15,08:25,Eco,"1,976,600 VND"
22:56:49 14/6/2025,VJ190,SGN,HAN,18/07/2025,07:10,09:20,Skyboss,"5,000,600 VND"
22:56:49 14/6/2025,VJ190,SGN,HAN,18/07/2025,07:10,09:20,Deluxe,"2,268,200 VND"
22:56:49 14/6/2025,VJ190,SGN,HAN,18/07/2025,07:10,09:20,Eco,"1,674,200 VND"
22:56:49 14/6/2025,VJ120,SGN,HAN,18/07/2025,07:30,09:40,Skyboss,"5,000,600 VND"
22:56:49 14/6/2025,VJ120,SGN,HAN,18/07/2025,07:30,09:40,Deluxe,"2,268,200 VND"
22:56:49 14/6/2025,VJ120,SGN,HAN,18/07/2025,07:30,09:40,Eco,"1,674,200 VND"
22:56:49 14/6/2025,VJ1126,SGN,HAN,18/07/2025,08:10,10:20,Skyboss,"5,000,600 VND"
22:56:49 14/6/2025,VJ1126,SGN,HAN,18/07/2025,08:10,10:20,Deluxe,"2,268,200 VND"
22:56:49 14/6/2025,VJ1126,SGN,HAN,18/07/2025,08:10,10:20,Eco,"1,674,200 VND"
22:56:49 14/6/2025,VJ124,SGN,HAN,18/07/2025,09:20,11:30,Skyboss,"5,000,600 VND"
22:56:49 14/6/2025,VJ124,SGN,HAN,18/07/2025,09:20,11:30,Deluxe,"2,397,800 VND"
22:56:49 14/6/2025,VJ124,SGN,HAN,18/07/2025,09:20,11:30,Eco,"1,803,800 VND"
22:56:49 14/6/2025,VJ1130,SGN,HAN,18/07/2025,10:25,12:35,Skyboss,"5,000,600 VND"
22:56:49 14/6/2025,VJ1130,SGN,HAN,18/07/2025,10:25,12:35,Deluxe,"2,397,800 VND"
22:56:49 14/6/2025,VJ1130,SGN,HAN,18/07/2025,10:25,12:35,Eco,"1,803,800 VND"
23:22:02 14/6/2025,VJ1198,SGN,HAN,18/07/2025,05:00,07:10,Skyboss,"5,000,600 VND"
23:22:02 14/6/2025,VJ1198,SGN,HAN,18/07/2025,05:00,07:10,Deluxe,"2,268,200 VND"
23:22:02 14/6/2025,VJ1198,SGN,HAN,18/07/2025,05:00,07:10,Eco,"1,674,200 VND"
23:22:02 14/6/2025,VJ1128,SGN,HAN,18/07/2025,06:00,08:10,Skyboss,"5,000,600 VND"
23:22:02 14/6/2025,VJ1128,SGN,HAN,18/07/2025,06:00,08:10,Deluxe,"2,570,600 VND"
23:22:02 14/6/2025,VJ1128,SGN,HAN,18/07/2025,06:00,08:10,Eco,"1,976,600 VND"
23:22:02 14/6/2025,VJ196,SGN,HAN,18/07/2025,06:15,08:25,Skyboss,"5,000,600 VND"
23:22:02 14/6/2025,VJ196,SGN,HAN,18/07/2025,06:15,08:25,Deluxe,"2,570,600 VND"
23:22:02 14/6/2025,VJ196,SGN,HAN,18/07/2025,06:15,08:25,Eco,"1,976,600 VND"
23:22:02 14/6/2025,VJ190,SGN,HAN,18/07/2025,07:10,09:20,Skyboss,"5,000,600 VND"
23:22:02 14/6/2025,VJ190,SGN,HAN,18/07/2025,07:10,09:20,Deluxe,"2,268,200 VND"
23:22:02 14/6/2025,VJ190,SGN,HAN,18/07/2025,07:10,09:20,Eco,"1,674,200 VND"
23:22:02 14/6/2025,VJ120,SGN,HAN,18/07/2025,07:30,09:40,Skyboss,"5,000,600 VND"
23:22:02 14/6/2025,VJ120,SGN,HAN,18/07/2025,07:30,09:40,Deluxe,"2,268,200 VND"
23:22:02 14/6/2025,VJ120,SGN,HAN,18/07/2025,07:30,09:40,Eco,"1,674,200 VND"
23:22:02 14/6/2025,VJ1126,SGN,HAN,18/07/2025,08:10,10:20,Skyboss,"5,000,600 VND"
23:22:02 14/6/2025,VJ1126,SGN,HAN,18/07/2025,08:10,10:20,Deluxe,"2,268,200 VND"
23:22:02 14/6/2025,VJ1126,SGN,HAN,18/07/2025,08:10,10:20,Eco,"1,674,200 VND"
23:22:02 14/6/2025,VJ124,SGN,HAN,18/07/2025,09:20,11:30,Skyboss,"5,000,600 VND"
23:22:02 14/6/2025,VJ124,SGN,HAN,18/07/2025,09:20,11:30,Deluxe,"2,397,800 VND"
23:22:02 14/6/2025,VJ124,SGN,HAN,18/07/2025,09:20,11:30,Eco,"1,803,800 VND"
23:22:02 14/6/2025,VJ1130,SGN,HAN,18/07/2025,10:25,12:35,Skyboss,"5,000,600 VND"
23:22:02 14/6/2025,VJ1130,SGN,HAN,18/07/2025,10:25,12:35,Deluxe,"2,397,800 VND"
23:22:02 14/6/2025,VJ1130,SGN,HAN,18/07/2025,10:25,12:35,Eco,"1,803,800 VND"
23:23:10 14/6/2025,VJ1198,SGN,HAN,18/07/2025,05:00,07:10,Skyboss,"5,000,600 VND"
23:23:10 14/6/2025,VJ1198,SGN,HAN,18/07/2025,05:00,07:10,Deluxe,"2,268,200 VND"
23:23:10 14/6/2025,VJ1198,SGN,HAN,18/07/2025,05:00,07:10,Eco,"1,674,200 VND"
23:23:10 14/6/2025,VJ1128,SGN,HAN,18/07/2025,06:00,08:10,Skyboss,"5,000,600 VND"
23:23:10 14/6/2025,VJ1128,SGN,HAN,18/07/2025,06:00,08:10,Deluxe,"2,570,600 VND"
23:23:10 14/6/2025,VJ1128,SGN,HAN,18/07/2025,06:00,08:10,Eco,"1,976,600 VND"
23:23:10 14/6/2025,VJ196,SGN,HAN,18/07/2025,06:15,08:25,Skyboss,"5,000,600 VND"
23:23:10 14/6/2025,VJ196,SGN,HAN,18/07/2025,06:15,08:25,Deluxe,"2,570,600 VND"
23:23:10 14/6/2025,VJ196,SGN,HAN,18/07/2025,06:15,08:25,Eco,"1,976,600 VND"
23:23:10 14/6/2025,VJ190,SGN,HAN,18/07/2025,07:10,09:20,Skyboss,"5,000,600 VND"
23:23:10 14/6/2025,VJ190,SGN,HAN,18/07/2025,07:10,09:20,Deluxe,"2,268,200 VND"
23:23:10 14/6/2025,VJ190,SGN,HAN,18/07/2025,07:10,09:20,Eco,"1,674,200 VND"
23:23:10 14/6/2025,VJ120,SGN,HAN,18/07/2025,07:30,09:40,Skyboss,"5,000,600 VND"
23:23:10 14/6/2025,VJ120,SGN,HAN,18/07/2025,07:30,09:40,Deluxe,"2,268,200 VND"
23:23:10 14/6/2025,VJ120,SGN,HAN,18/07/2025,07:30,09:40,Eco,"1,674,200 VND"
23:23:10 14/6/2025,VJ1126,SGN,HAN,18/07/2025,08:10,10:20,Skyboss,"5,000,600 VND"
23:23:10 14/6/2025,VJ1126,SGN,HAN,18/07/2025,08:10,10:20,Deluxe,"2,268,200 VND"
23:23:10 14/6/2025,VJ1126,SGN,HAN,18/07/2025,08:10,10:20,Eco,"1,674,200 VND"
23:23:10 14/6/2025,VJ124,SGN,HAN,18/07/2025,09:20,11:30,Skyboss,"5,000,600 VND"
23:23:10 14/6/2025,VJ124,SGN,HAN,18/07/2025,09:20,11:30,Deluxe,"2,397,800 VND"
23:23:10 14/6/2025,VJ124,SGN,HAN,18/07/2025,09:20,11:30,Eco,"1,803,800 VND"
23:23:10 14/6/2025,VJ1130,SGN,HAN,18/07/2025,10:25,12:35,Skyboss,"5,000,600 VND"
23:23:10 14/6/2025,VJ1130,SGN,HAN,18/07/2025,10:25,12:35,Deluxe,"2,397,800 VND"
23:23:10 14/6/2025,VJ1130,SGN,HAN,18/07/2025,10:25,12:35,Eco,"1,803,800 VND"
23:25:07 14/6/2025,VJ1198,SGN,HAN,19/07/2025,05:00,07:10,Skyboss,"5,000,600 VND"
23:25:07 14/6/2025,VJ1198,SGN,HAN,19/07/2025,05:00,07:10,Deluxe,"2,268,200 VND"
23:25:07 14/6/2025,VJ1198,SGN,HAN,19/07/2025,05:00,07:10,Eco,"1,674,200 VND"
23:25:07 14/6/2025,VJ1128,SGN,HAN,19/07/2025,06:00,08:10,Skyboss,"5,000,600 VND"
23:25:07 14/6/2025,VJ1128,SGN,HAN,19/07/2025,06:00,08:10,Deluxe,"2,397,800 VND"
23:25:07 14/6/2025,VJ1128,SGN,HAN,19/07/2025,06:00,08:10,Eco,"1,803,800 VND"
23:25:07 14/6/2025,VJ196,SGN,HAN,19/07/2025,06:15,08:25,Skyboss,"5,000,600 VND"
23:25:07 14/6/2025,VJ196,SGN,HAN,19/07/2025,06:15,08:25,Deluxe,"2,268,200 VND"
23:25:07 14/6/2025,VJ196,SGN,HAN,19/07/2025,06:15,08:25,Eco,"1,674,200 VND"
23:25:07 14/6/2025,VJ190,SGN,HAN,19/07/2025,07:10,09:20,Skyboss,"5,000,600 VND"
23:25:07 14/6/2025,VJ190,SGN,HAN,19/07/2025,07:10,09:20,Deluxe,"2,268,200 VND"
23:25:07 14/6/2025,VJ190,SGN,HAN,19/07/2025,07:10,09:20,Eco,"1,674,200 VND"
23:25:07 14/6/2025,VJ120,SGN,HAN,19/07/2025,07:30,09:40,Skyboss,"5,000,600 VND"
23:25:07 14/6/2025,VJ120,SGN,HAN,19/07/2025,07:30,09:40,Deluxe,"2,397,800 VND"
23:25:07 14/6/2025,VJ120,SGN,HAN,19/07/2025,07:30,09:40,Eco,"1,803,800 VND"
23:25:07 14/6/2025,VJ1126,SGN,HAN,19/07/2025,08:10,10:20,Skyboss,"5,000,600 VND"
23:25:07 14/6/2025,VJ1126,SGN,HAN,19/07/2025,08:10,10:20,Deluxe,"2,268,200 VND"
23:25:07 14/6/2025,VJ1126,SGN,HAN,19/07/2025,08:10,10:20,Eco,"1,674,200 VND"
23:25:07 14/6/2025,VJ124,SGN,HAN,19/07/2025,09:20,11:30,Skyboss,"5,000,600 VND"
23:25:07 14/6/2025,VJ124,SGN,HAN,19/07/2025,09:20,11:30,Deluxe,"2,397,800 VND"
23:25:07 14/6/2025,VJ124,SGN,HAN,19/07/2025,09:20,11:30,Eco,"1,803,800 VND"
23:25:07 14/6/2025,VJ1130,SGN,HAN,19/07/2025,10:25,12:35,Skyboss,"5,000,600 VND"
23:25:07 14/6/2025,VJ1130,SGN,HAN,19/07/2025,10:25,12:35,Deluxe,"2,570,600 VND"
23:25:07 14/6/2025,VJ1130,SGN,HAN,19/07/2025,10:25,12:35,Eco,"1,976,600 VND"
23:33:52 14/6/2025,VJ1198,SGN,HAN,19/07/2025,05:00,07:10,Skyboss,"5,000,600 VND"
23:33:52 14/6/2025,VJ1198,SGN,HAN,19/07/2025,05:00,07:10,Deluxe,"2,268,200 VND"
23:33:52 14/6/2025,VJ1198,SGN,HAN,19/07/2025,05:00,07:10,Eco,"1,674,200 VND"
23:33:52 14/6/2025,VJ1128,SGN,HAN,19/07/2025,06:00,08:10,Skyboss,"5,000,600 VND"
23:33:52 14/6/2025,VJ1128,SGN,HAN,19/07/2025,06:00,08:10,Deluxe,"2,397,800 VND"
23:33:52 14/6/2025,VJ1128,SGN,HAN,19/07/2025,06:00,08:10,Eco,"1,803,800 VND"
23:33:52 14/6/2025,VJ196,SGN,HAN,19/07/2025,06:15,08:25,Skyboss,"5,000,600 VND"
23:33:52 14/6/2025,VJ196,SGN,HAN,19/07/2025,06:15,08:25,Deluxe,"2,268,200 VND"
23:33:52 14/6/2025,VJ196,SGN,HAN,19/07/2025,06:15,08:25,Eco,"1,674,200 VND"
23:33:52 14/6/2025,VJ190,SGN,HAN,19/07/2025,07:10,09:20,Skyboss,"5,000,600 VND"
23:33:52 14/6/2025,VJ190,SGN,HAN,19/07/2025,07:10,09:20,Deluxe,"2,268,200 VND"
23:33:52 14/6/2025,VJ190,SGN,HAN,19/07/2025,07:10,09:20,Eco,"1,674,200 VND"
23:33:52 14/6/2025,VJ120,SGN,HAN,19/07/2025,07:30,09:40,Skyboss,"5,000,600 VND"
23:33:52 14/6/2025,VJ120,SGN,HAN,19/07/2025,07:30,09:40,Deluxe,"2,397,800 VND"
23:33:52 14/6/2025,VJ120,SGN,HAN,19/07/2025,07:30,09:40,Eco,"1,803,800 VND"
23:33:52 14/6/2025,VJ1126,SGN,HAN,19/07/2025,08:10,10:20,Skyboss,"5,000,600 VND"
23:33:52 14/6/2025,VJ1126,SGN,HAN,19/07/2025,08:10,10:20,Deluxe,"2,268,200 VND"
23:33:52 14/6/2025,VJ1126,SGN,HAN,19/07/2025,08:10,10:20,Eco,"1,674,200 VND"
23:33:52 14/6/2025,VJ124,SGN,HAN,19/07/2025,09:20,11:30,Skyboss,"5,000,600 VND"
23:33:52 14/6/2025,VJ124,SGN,HAN,19/07/2025,09:20,11:30,Deluxe,"2,397,800 VND"
23:33:52 14/6/2025,VJ124,SGN,HAN,19/07/2025,09:20,11:30,Eco,"1,803,800 VND"
23:33:52 14/6/2025,VJ1130,SGN,HAN,19/07/2025,10:25,12:35,Skyboss,"5,000,600 VND"
23:33:52 14/6/2025,VJ1130,SGN,HAN,19/07/2025,10:25,12:35,Deluxe,"2,570,600 VND"
23:33:52 14/6/2025,VJ1130,SGN,HAN,19/07/2025,10:25,12:35,Eco,"1,976,600 VND"
00:27:01 15/6/2025,VJ1198,SGN,HAN,27/07/2025,05:00,07:10,Skyboss,"5,000,600 VND"
00:27:01 15/6/2025,VJ1198,SGN,HAN,27/07/2025,05:00,07:10,Deluxe,"2,268,200 VND"
00:27:01 15/6/2025,VJ1198,SGN,HAN,27/07/2025,05:00,07:10,Eco,"1,674,200 VND"
00:27:01 15/6/2025,VJ1128,SGN,HAN,27/07/2025,06:00,08:10,Skyboss,"5,000,600 VND"
00:27:01 15/6/2025,VJ1128,SGN,HAN,27/07/2025,06:00,08:10,Deluxe,"2,268,200 VND"
00:27:01 15/6/2025,VJ1128,SGN,HAN,27/07/2025,06:00,08:10,Eco,"1,674,200 VND"
00:27:01 15/6/2025,VJ196,SGN,HAN,27/07/2025,06:15,08:25,Skyboss,"5,000,600 VND"
00:27:01 15/6/2025,VJ196,SGN,HAN,27/07/2025,06:15,08:25,Deluxe,"2,268,200 VND"
00:27:01 15/6/2025,VJ196,SGN,HAN,27/07/2025,06:15,08:25,Eco,"1,674,200 VND"
00:27:01 15/6/2025,VJ190,SGN,HAN,27/07/2025,07:10,09:20,Skyboss,"5,000,600 VND"
00:27:01 15/6/2025,VJ190,SGN,HAN,27/07/2025,07:10,09:20,Deluxe,"2,268,200 VND"
00:27:01 15/6/2025,VJ190,SGN,HAN,27/07/2025,07:10,09:20,Eco,"1,674,200 VND"
00:27:01 15/6/2025,VJ120,SGN,HAN,27/07/2025,07:30,09:40,Skyboss,"5,000,600 VND"
00:27:01 15/6/2025,VJ120,SGN,HAN,27/07/2025,07:30,09:40,Deluxe,"2,268,200 VND"
00:27:01 15/6/2025,VJ120,SGN,HAN,27/07/2025,07:30,09:40,Eco,"1,674,200 VND"
00:27:01 15/6/2025,VJ1126,SGN,HAN,27/07/2025,08:10,10:20,Skyboss,"5,000,600 VND"
00:27:01 15/6/2025,VJ1126,SGN,HAN,27/07/2025,08:10,10:20,Deluxe,"2,268,200 VND"
00:27:01 15/6/2025,VJ1126,SGN,HAN,27/07/2025,08:10,10:20,Eco,"1,674,200 VND"
00:27:01 15/6/2025,VJ124,SGN,HAN,27/07/2025,09:20,11:30,Skyboss,"5,000,600 VND"
00:27:01 15/6/2025,VJ124,SGN,HAN,27/07/2025,09:20,11:30,Deluxe,"2,268,200 VND"
00:27:01 15/6/2025,VJ124,SGN,HAN,27/07/2025,09:20,11:30,Eco,"1,674,200 VND"
00:27:01 15/6/2025,VJ1130,SGN,HAN,27/07/2025,10:25,12:35,Skyboss,"5,000,600 VND"
00:27:01 15/6/2025,VJ1130,SGN,HAN,27/07/2025,10:25,12:35,Deluxe,"2,397,800 VND"
00:27:01 15/6/2025,VJ1130,SGN,HAN,27/07/2025,10:25,12:35,Eco,"1,803,800 VND"
00:27:01 15/6/2025,VJ1198,SGN,HAN,28/07/2025,05:00,07:10,Skyboss,"5,000,600 VND"
00:27:01 15/6/2025,VJ1198,SGN,HAN,28/07/2025,05:00,07:10,Deluxe,"2,268,200 VND"
00:27:01 15/6/2025,VJ1198,SGN,HAN,28/07/2025,05:00,07:10,Eco,"1,674,200 VND"
00:27:01 15/6/2025,VJ1128,SGN,HAN,28/07/2025,06:00,08:10,Skyboss,"5,000,600 VND"
00:27:01 15/6/2025,VJ1128,SGN,HAN,28/07/2025,06:00,08:10,Deluxe,"2,268,200 VND"
00:27:01 15/6/2025,VJ1128,SGN,HAN,28/07/2025,06:00,08:10,Eco,"1,674,200 VND"
00:27:01 15/6/2025,VJ196,SGN,HAN,28/07/2025,06:15,08:25,Skyboss,"5,000,600 VND"
00:27:01 15/6/2025,VJ196,SGN,HAN,28/07/2025,06:15,08:25,Deluxe,"2,268,200 VND"
00:27:01 15/6/2025,VJ196,SGN,HAN,28/07/2025,06:15,08:25,Eco,"1,674,200 VND"
00:27:01 15/6/2025,VJ1180,SGN,HAN,28/07/2025,06:30,08:40,Business,"6,404,600 VND"
00:27:01 15/6/2025,VJ1180,SGN,HAN,28/07/2025,06:30,08:40,Skyboss,"5,000,600 VND"
00:27:01 15/6/2025,VJ1180,SGN,HAN,28/07/2025,06:30,08:40,Deluxe,"2,268,200 VND"
00:27:01 15/6/2025,VJ1180,SGN,HAN,28/07/2025,06:30,08:40,Eco,"1,674,200 VND"
00:27:01 15/6/2025,VJ190,SGN,HAN,28/07/2025,07:10,09:20,Skyboss,"5,000,600 VND"
00:27:01 15/6/2025,VJ190,SGN,HAN,28/07/2025,07:10,09:20,Deluxe,"2,268,200 VND"
00:27:01 15/6/2025,VJ190,SGN,HAN,28/07/2025,07:10,09:20,Eco,"1,674,200 VND"
00:27:01 15/6/2025,VJ120,SGN,HAN,28/07/2025,07:30,09:40,Skyboss,"5,000,600 VND"
00:27:01 15/6/2025,VJ120,SGN,HAN,28/07/2025,07:30,09:40,Deluxe,"2,268,200 VND"
00:27:01 15/6/2025,VJ120,SGN,HAN,28/07/2025,07:30,09:40,Eco,"1,674,200 VND"
00:27:01 15/6/2025,VJ1126,SGN,HAN,28/07/2025,08:10,10:20,Skyboss,"5,000,600 VND"
00:27:01 15/6/2025,VJ1126,SGN,HAN,28/07/2025,08:10,10:20,Deluxe,"2,268,200 VND"
00:27:01 15/6/2025,VJ1126,SGN,HAN,28/07/2025,08:10,10:20,Eco,"1,674,200 VND"
00:27:01 15/6/2025,VJ124,SGN,HAN,28/07/2025,09:20,11:30,Skyboss,"5,000,600 VND"
00:27:01 15/6/2025,VJ124,SGN,HAN,28/07/2025,09:20,11:30,Deluxe,"2,397,800 VND"
00:27:01 15/6/2025,VJ124,SGN,HAN,28/07/2025,09:20,11:30,Eco,"1,803,800 VND"
00:27:01 15/6/2025,VJ1198,SGN,HAN,29/07/2025,05:00,07:10,Skyboss,"5,000,600 VND"
00:27:01 15/6/2025,VJ1198,SGN,HAN,29/07/2025,05:00,07:10,Deluxe,"2,268,200 VND"
00:27:01 15/6/2025,VJ1198,SGN,HAN,29/07/2025,05:00,07:10,Eco,"1,674,200 VND"
00:27:01 15/6/2025,VJ1128,SGN,HAN,29/07/2025,06:00,08:10,Skyboss,"5,000,600 VND"
00:27:01 15/6/2025,VJ1128,SGN,HAN,29/07/2025,06:00,08:10,Deluxe,"2,268,200 VND"
00:27:01 15/6/2025,VJ1128,SGN,HAN,29/07/2025,06:00,08:10,Eco,"1,674,200 VND"
00:27:01 15/6/2025,VJ196,SGN,HAN,29/07/2025,06:15,08:25,Skyboss,"5,000,600 VND"
00:27:01 15/6/2025,VJ196,SGN,HAN,29/07/2025,06:15,08:25,Deluxe,"2,268,200 VND"
00:27:01 15/6/2025,VJ196,SGN,HAN,29/07/2025,06:15,08:25,Eco,"1,674,200 VND"
00:27:01 15/6/2025,VJ1180,SGN,HAN,29/07/2025,06:30,08:40,Business,"6,404,600 VND"
00:27:01 15/6/2025,VJ1180,SGN,HAN,29/07/2025,06:30,08:40,Skyboss,"5,000,600 VND"
00:27:01 15/6/2025,VJ1180,SGN,HAN,29/07/2025,06:30,08:40,Deluxe,"2,268,200 VND"
00:27:01 15/6/2025,VJ1180,SGN,HAN,29/07/2025,06:30,08:40,Eco,"1,674,200 VND"
00:27:01 15/6/2025,VJ190,SGN,HAN,29/07/2025,07:10,09:20,Skyboss,"5,000,600 VND"
00:27:01 15/6/2025,VJ190,SGN,HAN,29/07/2025,07:10,09:20,Deluxe,"2,268,200 VND"
00:27:01 15/6/2025,VJ190,SGN,HAN,29/07/2025,07:10,09:20,Eco,"1,674,200 VND"
00:27:01 15/6/2025,VJ120,SGN,HAN,29/07/2025,07:30,09:40,Skyboss,"5,000,600 VND"
00:27:01 15/6/2025,VJ120,SGN,HAN,29/07/2025,07:30,09:40,Deluxe,"2,268,200 VND"
00:27:01 15/6/2025,VJ120,SGN,HAN,29/07/2025,07:30,09:40,Eco,"1,674,200 VND"
00:27:01 15/6/2025,VJ1126,SGN,HAN,29/07/2025,08:10,10:20,Skyboss,"5,000,600 VND"
00:27:01 15/6/2025,VJ1126,SGN,HAN,29/07/2025,08:10,10:20,Deluxe,"2,268,200 VND"
00:27:01 15/6/2025,VJ1126,SGN,HAN,29/07/2025,08:10,10:20,Eco,"1,674,200 VND"
00:27:01 15/6/2025,VJ124,SGN,HAN,29/07/2025,09:20,11:30,Skyboss,"5,000,600 VND"
00:27:01 15/6/2025,VJ124,SGN,HAN,29/07/2025,09:20,11:30,Deluxe,"2,268,200 VND"
00:27:01 15/6/2025,VJ124,SGN,HAN,29/07/2025,09:20,11:30,Eco,"1,674,200 VND"
00:27:01 15/6/2025,VJ1198,SGN,HAN,30/07/2025,05:00,07:10,Skyboss,"5,000,600 VND"
00:27:01 15/6/2025,VJ1198,SGN,HAN,30/07/2025,05:00,07:10,Deluxe,"2,570,600 VND"
00:27:01 15/6/2025,VJ1198,SGN,HAN,30/07/2025,05:00,07:10,Eco,"1,976,600 VND"
00:27:01 15/6/2025,VJ1128,SGN,HAN,30/07/2025,06:00,08:10,Skyboss,"5,000,600 VND"
00:27:01 15/6/2025,VJ1128,SGN,HAN,30/07/2025,06:00,08:10,Deluxe,"2,570,600 VND"
00:27:01 15/6/2025,VJ1128,SGN,HAN,30/07/2025,06:00,08:10,Eco,"1,976,600 VND"
00:27:01 15/6/2025,VJ196,SGN,HAN,30/07/2025,06:15,08:25,Skyboss,"5,000,600 VND"
00:27:01 15/6/2025,VJ196,SGN,HAN,30/07/2025,06:15,08:25,Deluxe,"2,268,200 VND"
00:27:01 15/6/2025,VJ196,SGN,HAN,30/07/2025,06:15,08:25,Eco,"1,674,200 VND"
00:27:01 15/6/2025,VJ190,SGN,HAN,30/07/2025,07:10,09:20,Skyboss,"5,000,600 VND"
00:27:01 15/6/2025,VJ190,SGN,HAN,30/07/2025,07:10,09:20,Deluxe,"2,397,800 VND"
00:27:01 15/6/2025,VJ190,SGN,HAN,30/07/2025,07:10,09:20,Eco,"1,803,800 VND"
00:27:01 15/6/2025,VJ120,SGN,HAN,30/07/2025,07:30,09:40,Skyboss,"5,000,600 VND"
00:27:01 15/6/2025,VJ120,SGN,HAN,30/07/2025,07:30,09:40,Deluxe,"2,268,200 VND"
00:27:01 15/6/2025,VJ120,SGN,HAN,30/07/2025,07:30,09:40,Eco,"1,674,200 VND"
00:27:01 15/6/2025,VJ1126,SGN,HAN,30/07/2025,08:10,10:20,Skyboss,"5,000,600 VND"
00:27:01 15/6/2025,VJ1126,SGN,HAN,30/07/2025,08:10,10:20,Deluxe,"2,268,200 VND"
00:27:01 15/6/2025,VJ1126,SGN,HAN,30/07/2025,08:10,10:20,Eco,"1,674,200 VND"
00:27:01 15/6/2025,VJ124,SGN,HAN,30/07/2025,09:20,11:30,Skyboss,"5,000,600 VND"
00:27:01 15/6/2025,VJ124,SGN,HAN,30/07/2025,09:20,11:30,Deluxe,"2,268,200 VND"
00:27:01 15/6/2025,VJ124,SGN,HAN,30/07/2025,09:20,11:30,Eco,"1,674,200 VND"
00:27:01 15/6/2025,VJ1130,SGN,HAN,30/07/2025,10:25,12:35,Skyboss,"5,000,600 VND"
00:27:01 15/6/2025,VJ1130,SGN,HAN,30/07/2025,10:25,12:35,Deluxe,"2,268,200 VND"
00:27:01 15/6/2025,VJ1130,SGN,HAN,30/07/2025,10:25,12:35,Eco,"1,674,200 VND"
00:37:12 15/6/2025,VJ1198,SGN,HAN,01/08/2025,05:00,07:10,Skyboss,"5,000,600 VND"
00:37:12 15/6/2025,VJ1198,SGN,HAN,01/08/2025,05:00,07:10,Deluxe,"2,268,200 VND"
00:37:12 15/6/2025,VJ1198,SGN,HAN,01/08/2025,05:00,07:10,Eco,"1,674,200 VND"
00:37:12 15/6/2025,VJ1128,SGN,HAN,01/08/2025,06:00,08:10,Skyboss,"5,000,600 VND"
00:37:12 15/6/2025,VJ1128,SGN,HAN,01/08/2025,06:00,08:10,Deluxe,"2,268,200 VND"
00:37:12 15/6/2025,VJ1128,SGN,HAN,01/08/2025,06:00,08:10,Eco,"1,674,200 VND"
00:37:12 15/6/2025,VJ196,SGN,HAN,01/08/2025,06:15,08:25,Skyboss,"5,000,600 VND"
00:37:12 15/6/2025,VJ196,SGN,HAN,01/08/2025,06:15,08:25,Deluxe,"2,268,200 VND"
00:37:12 15/6/2025,VJ196,SGN,HAN,01/08/2025,06:15,08:25,Eco,"1,674,200 VND"
00:37:12 15/6/2025,VJ190,SGN,HAN,01/08/2025,07:10,09:20,Skyboss,"5,000,600 VND"
00:37:12 15/6/2025,VJ190,SGN,HAN,01/08/2025,07:10,09:20,Deluxe,"2,268,200 VND"
00:37:12 15/6/2025,VJ190,SGN,HAN,01/08/2025,07:10,09:20,Eco,"1,674,200 VND"
00:37:12 15/6/2025,VJ120,SGN,HAN,01/08/2025,07:30,09:40,Skyboss,"5,000,600 VND"
00:37:12 15/6/2025,VJ120,SGN,HAN,01/08/2025,07:30,09:40,Deluxe,"2,268,200 VND"
00:37:12 15/6/2025,VJ120,SGN,HAN,01/08/2025,07:30,09:40,Eco,"1,674,200 VND"
00:37:12 15/6/2025,VJ1126,SGN,HAN,01/08/2025,08:10,10:20,Skyboss,"5,000,600 VND"
00:37:12 15/6/2025,VJ1126,SGN,HAN,01/08/2025,08:10,10:20,Deluxe,"2,268,200 VND"
00:37:12 15/6/2025,VJ1126,SGN,HAN,01/08/2025,08:10,10:20,Eco,"1,674,200 VND"
00:37:12 15/6/2025,VJ124,SGN,HAN,01/08/2025,09:20,11:30,Skyboss,"5,000,600 VND"
00:37:12 15/6/2025,VJ124,SGN,HAN,01/08/2025,09:20,11:30,Deluxe,"2,268,200 VND"
00:37:12 15/6/2025,VJ124,SGN,HAN,01/08/2025,09:20,11:30,Eco,"1,674,200 VND"
00:37:12 15/6/2025,VJ1130,SGN,HAN,01/08/2025,10:25,12:35,Skyboss,"5,000,600 VND"
00:37:12 15/6/2025,VJ1130,SGN,HAN,01/08/2025,10:25,12:35,Deluxe,"2,268,200 VND"
00:37:12 15/6/2025,VJ1130,SGN,HAN,01/08/2025,10:25,12:35,Eco,"1,674,200 VND"
00:37:12 15/6/2025,VJ1198,SGN,HAN,02/08/2025,05:00,07:10,Skyboss,"5,000,600 VND"
00:37:12 15/6/2025,VJ1198,SGN,HAN,02/08/2025,05:00,07:10,Deluxe,"2,268,200 VND"
00:37:12 15/6/2025,VJ1198,SGN,HAN,02/08/2025,05:00,07:10,Eco,"1,674,200 VND"
00:37:12 15/6/2025,VJ1128,SGN,HAN,02/08/2025,06:00,08:10,Skyboss,"5,000,600 VND"
00:37:12 15/6/2025,VJ1128,SGN,HAN,02/08/2025,06:00,08:10,Deluxe,"2,268,200 VND"
00:37:12 15/6/2025,VJ1128,SGN,HAN,02/08/2025,06:00,08:10,Eco,"1,674,200 VND"
00:37:12 15/6/2025,VJ196,SGN,HAN,02/08/2025,06:15,08:25,Skyboss,"5,000,600 VND"
00:37:12 15/6/2025,VJ196,SGN,HAN,02/08/2025,06:15,08:25,Deluxe,"2,268,200 VND"
00:37:12 15/6/2025,VJ196,SGN,HAN,02/08/2025,06:15,08:25,Eco,"1,674,200 VND"
00:37:12 15/6/2025,VJ190,SGN,HAN,02/08/2025,07:10,09:20,Skyboss,"5,000,600 VND"
00:37:12 15/6/2025,VJ190,SGN,HAN,02/08/2025,07:10,09:20,Deluxe,"2,268,200 VND"
00:37:12 15/6/2025,VJ190,SGN,HAN,02/08/2025,07:10,09:20,Eco,"1,674,200 VND"
00:37:12 15/6/2025,VJ120,SGN,HAN,02/08/2025,07:30,09:40,Skyboss,"5,000,600 VND"
00:37:12 15/6/2025,VJ120,SGN,HAN,02/08/2025,07:30,09:40,Deluxe,"2,268,200 VND"
00:37:12 15/6/2025,VJ120,SGN,HAN,02/08/2025,07:30,09:40,Eco,"1,674,200 VND"
00:37:12 15/6/2025,VJ1126,SGN,HAN,02/08/2025,08:10,10:20,Skyboss,"5,000,600 VND"
00:37:12 15/6/2025,VJ1126,SGN,HAN,02/08/2025,08:10,10:20,Deluxe,"2,268,200 VND"
00:37:12 15/6/2025,VJ1126,SGN,HAN,02/08/2025,08:10,10:20,Eco,"1,674,200 VND"
00:37:12 15/6/2025,VJ124,SGN,HAN,02/08/2025,09:20,11:30,Skyboss,"5,000,600 VND"
00:37:12 15/6/2025,VJ124,SGN,HAN,02/08/2025,09:20,11:30,Deluxe,"2,397,800 VND"
00:37:12 15/6/2025,VJ124,SGN,HAN,02/08/2025,09:20,11:30,Eco,"1,803,800 VND"
00:37:12 15/6/2025,VJ1130,SGN,HAN,02/08/2025,10:25,12:35,Skyboss,"5,000,600 VND"
00:37:12 15/6/2025,VJ1130,SGN,HAN,02/08/2025,10:25,12:35,Deluxe,"2,397,800 VND"
00:37:12 15/6/2025,VJ1130,SGN,HAN,02/08/2025,10:25,12:35,Eco,"1,803,800 VND"
00:37:12 15/6/2025,VJ1198,SGN,HAN,01/08/2025,05:00,07:10,Skyboss,"5,000,600 VND"
00:37:12 15/6/2025,VJ1198,SGN,HAN,01/08/2025,05:00,07:10,Deluxe,"2,268,200 VND"
00:37:12 15/6/2025,VJ1198,SGN,HAN,01/08/2025,05:00,07:10,Eco,"1,674,200 VND"
00:37:12 15/6/2025,VJ1128,SGN,HAN,01/08/2025,06:00,08:10,Skyboss,"5,000,600 VND"
00:37:12 15/6/2025,VJ1128,SGN,HAN,01/08/2025,06:00,08:10,Deluxe,"2,268,200 VND"
00:37:12 15/6/2025,VJ1128,SGN,HAN,01/08/2025,06:00,08:10,Eco,"1,674,200 VND"
00:37:12 15/6/2025,VJ196,SGN,HAN,01/08/2025,06:15,08:25,Skyboss,"5,000,600 VND"
00:37:12 15/6/2025,VJ196,SGN,HAN,01/08/2025,06:15,08:25,Deluxe,"2,268,200 VND"
00:37:12 15/6/2025,VJ196,SGN,HAN,01/08/2025,06:15,08:25,Eco,"1,674,200 VND"
00:37:12 15/6/2025,VJ190,SGN,HAN,01/08/2025,07:10,09:20,Skyboss,"5,000,600 VND"
00:37:12 15/6/2025,VJ190,SGN,HAN,01/08/2025,07:10,09:20,Deluxe,"2,268,200 VND"
00:37:12 15/6/2025,VJ190,SGN,HAN,01/08/2025,07:10,09:20,Eco,"1,674,200 VND"
00:37:12 15/6/2025,VJ120,SGN,HAN,01/08/2025,07:30,09:40,Skyboss,"5,000,600 VND"
00:37:12 15/6/2025,VJ120,SGN,HAN,01/08/2025,07:30,09:40,Deluxe,"2,268,200 VND"
00:37:12 15/6/2025,VJ120,SGN,HAN,01/08/2025,07:30,09:40,Eco,"1,674,200 VND"
00:37:12 15/6/2025,VJ1126,SGN,HAN,01/08/2025,08:10,10:20,Skyboss,"5,000,600 VND"
00:37:12 15/6/2025,VJ1126,SGN,HAN,01/08/2025,08:10,10:20,Deluxe,"2,268,200 VND"
00:37:12 15/6/2025,VJ1126,SGN,HAN,01/08/2025,08:10,10:20,Eco,"1,674,200 VND"
00:37:12 15/6/2025,VJ124,SGN,HAN,01/08/2025,09:20,11:30,Skyboss,"5,000,600 VND"
00:37:12 15/6/2025,VJ124,SGN,HAN,01/08/2025,09:20,11:30,Deluxe,"2,268,200 VND"
00:37:12 15/6/2025,VJ124,SGN,HAN,01/08/2025,09:20,11:30,Eco,"1,674,200 VND"
00:37:12 15/6/2025,VJ1130,SGN,HAN,01/08/2025,10:25,12:35,Skyboss,"5,000,600 VND"
00:37:12 15/6/2025,VJ1130,SGN,HAN,01/08/2025,10:25,12:35,Deluxe,"2,268,200 VND"
00:37:12 15/6/2025,VJ1130,SGN,HAN,01/08/2025,10:25,12:35,Eco,"1,674,200 VND"
00:37:12 15/6/2025,VJ1198,SGN,HAN,04/08/2025,05:00,07:10,Skyboss,"5,000,600 VND"
00:37:12 15/6/2025,VJ1198,SGN,HAN,04/08/2025,05:00,07:10,Deluxe,"2,268,200 VND"
00:37:12 15/6/2025,VJ1198,SGN,HAN,04/08/2025,05:00,07:10,Eco,"1,674,200 VND"
00:37:12 15/6/2025,VJ1128,SGN,HAN,04/08/2025,06:00,08:10,Skyboss,"5,000,600 VND"
00:37:12 15/6/2025,VJ1128,SGN,HAN,04/08/2025,06:00,08:10,Deluxe,"2,138,600 VND"
00:37:12 15/6/2025,VJ1128,SGN,HAN,04/08/2025,06:00,08:10,Eco,"1,544,600 VND"
00:37:12 15/6/2025,VJ196,SGN,HAN,04/08/2025,06:15,08:25,Skyboss,"5,000,600 VND"
00:37:12 15/6/2025,VJ196,SGN,HAN,04/08/2025,06:15,08:25,Deluxe,"2,138,600 VND"
00:37:12 15/6/2025,VJ196,SGN,HAN,04/08/2025,06:15,08:25,Eco,"1,544,600 VND"
00:37:12 15/6/2025,VJ1180,SGN,HAN,04/08/2025,06:30,08:40,Business,"6,404,600 VND"
00:37:12 15/6/2025,VJ1180,SGN,HAN,04/08/2025,06:30,08:40,Skyboss,"5,000,600 VND"
00:37:12 15/6/2025,VJ1180,SGN,HAN,04/08/2025,06:30,08:40,Deluxe,"2,138,600 VND"
00:37:12 15/6/2025,VJ1180,SGN,HAN,04/08/2025,06:30,08:40,Eco,"1,544,600 VND"
00:37:12 15/6/2025,VJ190,SGN,HAN,04/08/2025,07:10,09:20,Skyboss,"5,000,600 VND"
00:37:12 15/6/2025,VJ190,SGN,HAN,04/08/2025,07:10,09:20,Deluxe,"2,138,600 VND"
00:37:12 15/6/2025,VJ190,SGN,HAN,04/08/2025,07:10,09:20,Eco,"1,544,600 VND"
00:37:12 15/6/2025,VJ120,SGN,HAN,04/08/2025,07:30,09:40,Skyboss,"5,000,600 VND"
00:37:12 15/6/2025,VJ120,SGN,HAN,04/08/2025,07:30,09:40,Deluxe,"2,138,600 VND"
00:37:12 15/6/2025,VJ120,SGN,HAN,04/08/2025,07:30,09:40,Eco,"1,544,600 VND"
00:37:12 15/6/2025,VJ1126,SGN,HAN,04/08/2025,08:10,10:20,Skyboss,"5,000,600 VND"
00:37:12 15/6/2025,VJ1126,SGN,HAN,04/08/2025,08:10,10:20,Deluxe,"2,138,600 VND"
00:37:12 15/6/2025,VJ1126,SGN,HAN,04/08/2025,08:10,10:20,Eco,"1,544,600 VND"
00:37:12 15/6/2025,VJ124,SGN,HAN,04/08/2025,09:20,11:30,Skyboss,"5,000,600 VND"
00:37:12 15/6/2025,VJ124,SGN,HAN,04/08/2025,09:20,11:30,Deluxe,"2,138,600 VND"
00:37:12 15/6/2025,VJ124,SGN,HAN,04/08/2025,09:20,11:30,Eco,"1,544,600 VND"
00:37:12 15/6/2025,VJ1198,SGN,HAN,05/08/2025,05:00,07:10,Skyboss,"5,000,600 VND"
00:37:12 15/6/2025,VJ1198,SGN,HAN,05/08/2025,05:00,07:10,Deluxe,"2,138,600 VND"
00:37:12 15/6/2025,VJ1198,SGN,HAN,05/08/2025,05:00,07:10,Eco,"1,544,600 VND"
00:37:12 15/6/2025,VJ1128,SGN,HAN,05/08/2025,06:00,08:10,Skyboss,"5,000,600 VND"
00:37:12 15/6/2025,VJ1128,SGN,HAN,05/08/2025,06:00,08:10,Deluxe,"2,138,600 VND"
00:37:12 15/6/2025,VJ1128,SGN,HAN,05/08/2025,06:00,08:10,Eco,"1,544,600 VND"
00:37:12 15/6/2025,VJ196,SGN,HAN,05/08/2025,06:15,08:25,Skyboss,"5,000,600 VND"
00:37:12 15/6/2025,VJ196,SGN,HAN,05/08/2025,06:15,08:25,Deluxe,"2,138,600 VND"
00:37:12 15/6/2025,VJ196,SGN,HAN,05/08/2025,06:15,08:25,Eco,"1,544,600 VND"
00:37:12 15/6/2025,VJ1180,SGN,HAN,05/08/2025,06:30,08:40,Business,"6,404,600 VND"
00:37:12 15/6/2025,VJ1180,SGN,HAN,05/08/2025,06:30,08:40,Skyboss,"5,000,600 VND"
00:37:12 15/6/2025,VJ1180,SGN,HAN,05/08/2025,06:30,08:40,Deluxe,"2,138,600 VND"
00:37:12 15/6/2025,VJ1180,SGN,HAN,05/08/2025,06:30,08:40,Eco,"1,544,600 VND"
00:37:12 15/6/2025,VJ190,SGN,HAN,05/08/2025,07:10,09:20,Skyboss,"5,000,600 VND"
00:37:12 15/6/2025,VJ190,SGN,HAN,05/08/2025,07:10,09:20,Deluxe,"2,138,600 VND"
00:37:12 15/6/2025,VJ190,SGN,HAN,05/08/2025,07:10,09:20,Eco,"1,544,600 VND"
00:37:12 15/6/2025,VJ120,SGN,HAN,05/08/2025,07:30,09:40,Skyboss,"5,000,600 VND"
00:37:12 15/6/2025,VJ120,SGN,HAN,05/08/2025,07:30,09:40,Deluxe,"2,138,600 VND"
00:37:12 15/6/2025,VJ120,SGN,HAN,05/08/2025,07:30,09:40,Eco,"1,544,600 VND"
00:37:12 15/6/2025,VJ1126,SGN,HAN,05/08/2025,08:10,10:20,Skyboss,"5,000,600 VND"
00:37:12 15/6/2025,VJ1126,SGN,HAN,05/08/2025,08:10,10:20,Deluxe,"2,138,600 VND"
00:37:12 15/6/2025,VJ1126,SGN,HAN,05/08/2025,08:10,10:20,Eco,"1,544,600 VND"
00:37:12 15/6/2025,VJ124,SGN,HAN,05/08/2025,09:20,11:30,Skyboss,"5,000,600 VND"
00:37:12 15/6/2025,VJ124,SGN,HAN,05/08/2025,09:20,11:30,Deluxe,"2,138,600 VND"
00:37:12 15/6/2025,VJ124,SGN,HAN,05/08/2025,09:20,11:30,Eco,"1,544,600 VND"
00:37:12 15/6/2025,VJ1198,SGN,HAN,06/08/2025,05:00,07:10,Skyboss,"5,000,600 VND"
00:37:12 15/6/2025,VJ1198,SGN,HAN,06/08/2025,05:00,07:10,Deluxe,"2,138,600 VND"
00:37:12 15/6/2025,VJ1198,SGN,HAN,06/08/2025,05:00,07:10,Eco,"1,544,600 VND"
00:37:12 15/6/2025,VJ1128,SGN,HAN,06/08/2025,06:00,08:10,Skyboss,"5,000,600 VND"
00:37:12 15/6/2025,VJ1128,SGN,HAN,06/08/2025,06:00,08:10,Deluxe,"2,268,200 VND"
00:37:12 15/6/2025,VJ1128,SGN,HAN,06/08/2025,06:00,08:10,Eco,"1,674,200 VND"
00:37:12 15/6/2025,VJ196,SGN,HAN,06/08/2025,06:15,08:25,Skyboss,"5,000,600 VND"
00:37:12 15/6/2025,VJ196,SGN,HAN,06/08/2025,06:15,08:25,Deluxe,"2,268,200 VND"
00:37:12 15/6/2025,VJ196,SGN,HAN,06/08/2025,06:15,08:25,Eco,"1,674,200 VND"
00:37:12 15/6/2025,VJ190,SGN,HAN,06/08/2025,07:10,09:20,Skyboss,"5,000,600 VND"
00:37:12 15/6/2025,VJ190,SGN,HAN,06/08/2025,07:10,09:20,Deluxe,"2,570,600 VND"
00:37:12 15/6/2025,VJ190,SGN,HAN,06/08/2025,07:10,09:20,Eco,"1,976,600 VND"
00:37:12 15/6/2025,VJ120,SGN,HAN,06/08/2025,07:30,09:40,Skyboss,"5,000,600 VND"
00:37:12 15/6/2025,VJ120,SGN,HAN,06/08/2025,07:30,09:40,Deluxe,"2,138,600 VND"
00:37:12 15/6/2025,VJ120,SGN,HAN,06/08/2025,07:30,09:40,Eco,"1,544,600 VND"
00:37:12 15/6/2025,VJ1126,SGN,HAN,06/08/2025,08:10,10:20,Skyboss,"5,000,600 VND"
00:37:12 15/6/2025,VJ1126,SGN,HAN,06/08/2025,08:10,10:20,Deluxe,"2,138,600 VND"
00:37:12 15/6/2025,VJ1126,SGN,HAN,06/08/2025,08:10,10:20,Eco,"1,544,600 VND"
00:37:12 15/6/2025,VJ124,SGN,HAN,06/08/2025,09:20,11:30,Skyboss,"5,000,600 VND"
00:37:12 15/6/2025,VJ124,SGN,HAN,06/08/2025,09:20,11:30,Deluxe,"2,138,600 VND"
00:37:12 15/6/2025,VJ124,SGN,HAN,06/08/2025,09:20,11:30,Eco,"1,544,600 VND"
00:37:12 15/6/2025,VJ1130,SGN,HAN,06/08/2025,10:25,12:35,Skyboss,"5,000,600 VND"
00:37:12 15/6/2025,VJ1130,SGN,HAN,06/08/2025,10:25,12:35,Deluxe,"2,138,600 VND"
00:37:12 15/6/2025,VJ1130,SGN,HAN,06/08/2025,10:25,12:35,Eco,"1,544,600 VND"
00:37:12 15/6/2025,VJ1198,SGN,HAN,07/08/2025,05:00,07:10,Skyboss,"5,000,600 VND"
00:37:12 15/6/2025,VJ1198,SGN,HAN,07/08/2025,05:00,07:10,Deluxe,"2,138,600 VND"
00:37:12 15/6/2025,VJ1198,SGN,HAN,07/08/2025,05:00,07:10,Eco,"1,544,600 VND"
00:37:12 15/6/2025,VJ1128,SGN,HAN,07/08/2025,06:00,08:10,Skyboss,"5,000,600 VND"
00:37:12 15/6/2025,VJ1128,SGN,HAN,07/08/2025,06:00,08:10,Deluxe,"2,138,600 VND"
00:37:12 15/6/2025,VJ1128,SGN,HAN,07/08/2025,06:00,08:10,Eco,"1,544,600 VND"
00:37:12 15/6/2025,VJ196,SGN,HAN,07/08/2025,06:15,08:25,Skyboss,"5,000,600 VND"
00:37:12 15/6/2025,VJ196,SGN,HAN,07/08/2025,06:15,08:25,Deluxe,"2,138,600 VND"
00:37:12 15/6/2025,VJ196,SGN,HAN,07/08/2025,06:15,08:25,Eco,"1,544,600 VND"
00:37:12 15/6/2025,VJ190,SGN,HAN,07/08/2025,07:10,09:20,Skyboss,"5,000,600 VND"
00:37:12 15/6/2025,VJ190,SGN,HAN,07/08/2025,07:10,09:20,Deluxe,"2,138,600 VND"
00:37:12 15/6/2025,VJ190,SGN,HAN,07/08/2025,07:10,09:20,Eco,"1,544,600 VND"
00:37:12 15/6/2025,VJ120,SGN,HAN,07/08/2025,07:30,09:40,Skyboss,"5,000,600 VND"
00:37:12 15/6/2025,VJ120,SGN,HAN,07/08/2025,07:30,09:40,Deluxe,"2,138,600 VND"
00:37:12 15/6/2025,VJ120,SGN,HAN,07/08/2025,07:30,09:40,Eco,"1,544,600 VND"
00:37:12 15/6/2025,VJ1126,SGN,HAN,07/08/2025,08:10,10:20,Skyboss,"5,000,600 VND"
00:37:12 15/6/2025,VJ1126,SGN,HAN,07/08/2025,08:10,10:20,Deluxe,"2,138,600 VND"
00:37:12 15/6/2025,VJ1126,SGN,HAN,07/08/2025,08:10,10:20,Eco,"1,544,600 VND"
00:37:12 15/6/2025,VJ124,SGN,HAN,07/08/2025,09:20,11:30,Skyboss,"5,000,600 VND"
00:37:12 15/6/2025,VJ124,SGN,HAN,07/08/2025,09:20,11:30,Deluxe,"2,138,600 VND"
00:37:12 15/6/2025,VJ124,SGN,HAN,07/08/2025,09:20,11:30,Eco,"1,544,600 VND"
00:37:12 15/6/2025,VJ1130,SGN,HAN,07/08/2025,10:25,12:35,Skyboss,"5,000,600 VND"
00:37:12 15/6/2025,VJ1130,SGN,HAN,07/08/2025,10:25,12:35,Deluxe,"2,138,600 VND"
00:37:12 15/6/2025,VJ1130,SGN,HAN,07/08/2025,10:25,12:35,Eco,"1,544,600 VND"
00:37:12 15/6/2025,VJ1198,SGN,HAN,08/08/2025,05:00,07:10,Skyboss,"5,000,600 VND"
00:37:12 15/6/2025,VJ1198,SGN,HAN,08/08/2025,05:00,07:10,Deluxe,"2,138,600 VND"
00:37:12 15/6/2025,VJ1198,SGN,HAN,08/08/2025,05:00,07:10,Eco,"1,544,600 VND"
00:37:12 15/6/2025,VJ1128,SGN,HAN,08/08/2025,06:00,08:10,Skyboss,"5,000,600 VND"
00:37:12 15/6/2025,VJ1128,SGN,HAN,08/08/2025,06:00,08:10,Deluxe,"2,138,600 VND"
00:37:12 15/6/2025,VJ1128,SGN,HAN,08/08/2025,06:00,08:10,Eco,"1,544,600 VND"
00:37:12 15/6/2025,VJ196,SGN,HAN,08/08/2025,06:15,08:25,Skyboss,"5,000,600 VND"
00:37:12 15/6/2025,VJ196,SGN,HAN,08/08/2025,06:15,08:25,Deluxe,"2,138,600 VND"
00:37:12 15/6/2025,VJ196,SGN,HAN,08/08/2025,06:15,08:25,Eco,"1,544,600 VND"
00:37:12 15/6/2025,VJ190,SGN,HAN,08/08/2025,07:10,09:20,Skyboss,"5,000,600 VND"
00:37:12 15/6/2025,VJ190,SGN,HAN,08/08/2025,07:10,09:20,Deluxe,"2,138,600 VND"
00:37:12 15/6/2025,VJ190,SGN,HAN,08/08/2025,07:10,09:20,Eco,"1,544,600 VND"
00:37:12 15/6/2025,VJ120,SGN,HAN,08/08/2025,07:30,09:40,Skyboss,"5,000,600 VND"
00:37:12 15/6/2025,VJ120,SGN,HAN,08/08/2025,07:30,09:40,Deluxe,"2,138,600 VND"
00:37:12 15/6/2025,VJ120,SGN,HAN,08/08/2025,07:30,09:40,Eco,"1,544,600 VND"
00:37:12 15/6/2025,VJ1126,SGN,HAN,08/08/2025,08:10,10:20,Skyboss,"5,000,600 VND"
00:37:12 15/6/2025,VJ1126,SGN,HAN,08/08/2025,08:10,10:20,Deluxe,"2,138,600 VND"
00:37:12 15/6/2025,VJ1126,SGN,HAN,08/08/2025,08:10,10:20,Eco,"1,544,600 VND"
00:37:12 15/6/2025,VJ124,SGN,HAN,08/08/2025,09:20,11:30,Skyboss,"5,000,600 VND"
00:37:12 15/6/2025,VJ124,SGN,HAN,08/08/2025,09:20,11:30,Deluxe,"2,138,600 VND"
00:37:12 15/6/2025,VJ124,SGN,HAN,08/08/2025,09:20,11:30,Eco,"1,544,600 VND"
00:37:12 15/6/2025,VJ1130,SGN,HAN,08/08/2025,10:25,12:35,Skyboss,"5,000,600 VND"
00:37:12 15/6/2025,VJ1130,SGN,HAN,08/08/2025,10:25,12:35,Deluxe,"2,138,600 VND"
00:37:12 15/6/2025,VJ1130,SGN,HAN,08/08/2025,10:25,12:35,Eco,"1,544,600 VND"
00:37:12 15/6/2025,VJ1198,SGN,HAN,09/08/2025,05:00,07:10,Skyboss,"5,000,600 VND"
00:37:12 15/6/2025,VJ1198,SGN,HAN,09/08/2025,05:00,07:10,Deluxe,"2,138,600 VND"
00:37:12 15/6/2025,VJ1198,SGN,HAN,09/08/2025,05:00,07:10,Eco,"1,544,600 VND"
00:37:12 15/6/2025,VJ1128,SGN,HAN,09/08/2025,06:00,08:10,Skyboss,"5,000,600 VND"
00:37:12 15/6/2025,VJ1128,SGN,HAN,09/08/2025,06:00,08:10,Deluxe,"2,138,600 VND"
00:37:12 15/6/2025,VJ1128,SGN,HAN,09/08/2025,06:00,08:10,Eco,"1,544,600 VND"
00:37:12 15/6/2025,VJ196,SGN,HAN,09/08/2025,06:15,08:25,Skyboss,"5,000,600 VND"
00:37:12 15/6/2025,VJ196,SGN,HAN,09/08/2025,06:15,08:25,Deluxe,"2,138,600 VND"
00:37:12 15/6/2025,VJ196,SGN,HAN,09/08/2025,06:15,08:25,Eco,"1,544,600 VND"
00:37:12 15/6/2025,VJ190,SGN,HAN,09/08/2025,07:10,09:20,Skyboss,"5,000,600 VND"
00:37:12 15/6/2025,VJ190,SGN,HAN,09/08/2025,07:10,09:20,Deluxe,"2,138,600 VND"
00:37:12 15/6/2025,VJ190,SGN,HAN,09/08/2025,07:10,09:20,Eco,"1,544,600 VND"
00:37:12 15/6/2025,VJ120,SGN,HAN,09/08/2025,07:30,09:40,Skyboss,"5,000,600 VND"
00:37:12 15/6/2025,VJ120,SGN,HAN,09/08/2025,07:30,09:40,Deluxe,"2,138,600 VND"
00:37:12 15/6/2025,VJ120,SGN,HAN,09/08/2025,07:30,09:40,Eco,"1,544,600 VND"
00:37:12 15/6/2025,VJ1126,SGN,HAN,09/08/2025,08:10,10:20,Skyboss,"5,000,600 VND"
00:37:12 15/6/2025,VJ1126,SGN,HAN,09/08/2025,08:10,10:20,Deluxe,"2,138,600 VND"
00:37:12 15/6/2025,VJ1126,SGN,HAN,09/08/2025,08:10,10:20,Eco,"1,544,600 VND"
00:37:12 15/6/2025,VJ124,SGN,HAN,09/08/2025,09:20,11:30,Skyboss,"5,000,600 VND"
00:37:12 15/6/2025,VJ124,SGN,HAN,09/08/2025,09:20,11:30,Deluxe,"2,138,600 VND"
00:37:12 15/6/2025,VJ124,SGN,HAN,09/08/2025,09:20,11:30,Eco,"1,544,600 VND"
00:37:12 15/6/2025,VJ1130,SGN,HAN,09/08/2025,10:25,12:35,Skyboss,"5,000,600 VND"
00:37:12 15/6/2025,VJ1130,SGN,HAN,09/08/2025,10:25,12:35,Deluxe,"2,268,200 VND"
00:37:12 15/6/2025,VJ1130,SGN,HAN,09/08/2025,10:25,12:35,Eco,"1,674,200 VND"
00:37:12 15/6/2025,VJ1198,SGN,HAN,01/08/2025,05:00,07:10,Skyboss,"5,000,600 VND"
00:37:12 15/6/2025,VJ1198,SGN,HAN,01/08/2025,05:00,07:10,Deluxe,"2,138,600 VND"
00:37:12 15/6/2025,VJ1198,SGN,HAN,01/08/2025,05:00,07:10,Eco,"1,544,600 VND"
00:37:12 15/6/2025,VJ1128,SGN,HAN,01/08/2025,06:00,08:10,Skyboss,"5,000,600 VND"
00:37:12 15/6/2025,VJ1128,SGN,HAN,01/08/2025,06:00,08:10,Deluxe,"2,138,600 VND"
00:37:12 15/6/2025,VJ1128,SGN,HAN,01/08/2025,06:00,08:10,Eco,"1,544,600 VND"
00:37:12 15/6/2025,VJ196,SGN,HAN,01/08/2025,06:15,08:25,Skyboss,"5,000,600 VND"
00:37:12 15/6/2025,VJ196,SGN,HAN,01/08/2025,06:15,08:25,Deluxe,"2,138,600 VND"
00:37:12 15/6/2025,VJ196,SGN,HAN,01/08/2025,06:15,08:25,Eco,"1,544,600 VND"
00:37:12 15/6/2025,VJ190,SGN,HAN,01/08/2025,07:10,09:20,Skyboss,"5,000,600 VND"
00:37:12 15/6/2025,VJ190,SGN,HAN,01/08/2025,07:10,09:20,Deluxe,"2,138,600 VND"
00:37:12 15/6/2025,VJ190,SGN,HAN,01/08/2025,07:10,09:20,Eco,"1,544,600 VND"
00:37:12 15/6/2025,VJ120,SGN,HAN,01/08/2025,07:30,09:40,Skyboss,"5,000,600 VND"
00:37:12 15/6/2025,VJ120,SGN,HAN,01/08/2025,07:30,09:40,Deluxe,"2,138,600 VND"
00:37:12 15/6/2025,VJ120,SGN,HAN,01/08/2025,07:30,09:40,Eco,"1,544,600 VND"
00:37:12 15/6/2025,VJ1126,SGN,HAN,01/08/2025,08:10,10:20,Skyboss,"5,000,600 VND"
00:37:12 15/6/2025,VJ1126,SGN,HAN,01/08/2025,08:10,10:20,Deluxe,"2,138,600 VND"
00:37:12 15/6/2025,VJ1126,SGN,HAN,01/08/2025,08:10,10:20,Eco,"1,544,600 VND"
00:37:12 15/6/2025,VJ124,SGN,HAN,01/08/2025,09:20,11:30,Skyboss,"5,000,600 VND"
00:37:12 15/6/2025,VJ124,SGN,HAN,01/08/2025,09:20,11:30,Deluxe,"2,138,600 VND"
00:37:12 15/6/2025,VJ124,SGN,HAN,01/08/2025,09:20,11:30,Eco,"1,544,600 VND"
00:37:12 15/6/2025,VJ1130,SGN,HAN,01/08/2025,10:25,12:35,Skyboss,"5,000,600 VND"
00:37:12 15/6/2025,VJ1130,SGN,HAN,01/08/2025,10:25,12:35,Deluxe,"2,268,200 VND"
00:37:12 15/6/2025,VJ1130,SGN,HAN,01/08/2025,10:25,12:35,Eco,"1,674,200 VND"
00:37:12 15/6/2025,VJ1198,SGN,HAN,11/08/2025,05:00,07:10,Skyboss,"5,000,600 VND"
00:37:12 15/6/2025,VJ1198,SGN,HAN,11/08/2025,05:00,07:10,Deluxe,"2,138,600 VND"
00:37:12 15/6/2025,VJ1198,SGN,HAN,11/08/2025,05:00,07:10,Eco,"1,544,600 VND"
00:37:12 15/6/2025,VJ1128,SGN,HAN,11/08/2025,06:00,08:10,Skyboss,"5,000,600 VND"
00:37:12 15/6/2025,VJ1128,SGN,HAN,11/08/2025,06:00,08:10,Deluxe,"2,138,600 VND"
00:37:12 15/6/2025,VJ1128,SGN,HAN,11/08/2025,06:00,08:10,Eco,"1,544,600 VND"
00:37:12 15/6/2025,VJ196,SGN,HAN,11/08/2025,06:15,08:25,Skyboss,"5,000,600 VND"
00:37:12 15/6/2025,VJ196,SGN,HAN,11/08/2025,06:15,08:25,Deluxe,"2,138,600 VND"
00:37:12 15/6/2025,VJ196,SGN,HAN,11/08/2025,06:15,08:25,Eco,"1,544,600 VND"
00:37:12 15/6/2025,VJ1180,SGN,HAN,11/08/2025,06:30,08:40,Business,"6,404,600 VND"
00:37:12 15/6/2025,VJ1180,SGN,HAN,11/08/2025,06:30,08:40,Skyboss,"5,000,600 VND"
00:37:12 15/6/2025,VJ1180,SGN,HAN,11/08/2025,06:30,08:40,Deluxe,"2,138,600 VND"
00:37:12 15/6/2025,VJ1180,SGN,HAN,11/08/2025,06:30,08:40,Eco,"1,544,600 VND"
00:37:12 15/6/2025,VJ190,SGN,HAN,11/08/2025,07:10,09:20,Skyboss,"5,000,600 VND"
00:37:12 15/6/2025,VJ190,SGN,HAN,11/08/2025,07:10,09:20,Deluxe,"2,138,600 VND"
00:37:12 15/6/2025,VJ190,SGN,HAN,11/08/2025,07:10,09:20,Eco,"1,544,600 VND"
00:37:12 15/6/2025,VJ120,SGN,HAN,11/08/2025,07:30,09:40,Skyboss,"5,000,600 VND"
00:37:12 15/6/2025,VJ120,SGN,HAN,11/08/2025,07:30,09:40,Deluxe,"2,138,600 VND"
00:37:12 15/6/2025,VJ120,SGN,HAN,11/08/2025,07:30,09:40,Eco,"1,544,600 VND"
00:37:12 15/6/2025,VJ1126,SGN,HAN,11/08/2025,08:10,10:20,Skyboss,"5,000,600 VND"
00:37:12 15/6/2025,VJ1126,SGN,HAN,11/08/2025,08:10,10:20,Deluxe,"2,138,600 VND"
00:37:12 15/6/2025,VJ1126,SGN,HAN,11/08/2025,08:10,10:20,Eco,"1,544,600 VND"
00:37:12 15/6/2025,VJ124,SGN,HAN,11/08/2025,09:20,11:30,Skyboss,"5,000,600 VND"
00:37:12 15/6/2025,VJ124,SGN,HAN,11/08/2025,09:20,11:30,Deluxe,"2,138,600 VND"
00:37:12 15/6/2025,VJ124,SGN,HAN,11/08/2025,09:20,11:30,Eco,"1,544,600 VND"
00:37:12 15/6/2025,VJ1198,SGN,HAN,12/08/2025,05:00,07:10,Skyboss,"5,000,600 VND"
00:37:12 15/6/2025,VJ1198,SGN,HAN,12/08/2025,05:00,07:10,Deluxe,"2,138,600 VND"
00:37:12 15/6/2025,VJ1198,SGN,HAN,12/08/2025,05:00,07:10,Eco,"1,544,600 VND"
00:37:12 15/6/2025,VJ1128,SGN,HAN,12/08/2025,06:00,08:10,Skyboss,"5,000,600 VND"
00:37:12 15/6/2025,VJ1128,SGN,HAN,12/08/2025,06:00,08:10,Deluxe,"2,138,600 VND"
00:37:12 15/6/2025,VJ1128,SGN,HAN,12/08/2025,06:00,08:10,Eco,"1,544,600 VND"
00:37:12 15/6/2025,VJ196,SGN,HAN,12/08/2025,06:15,08:25,Skyboss,"5,000,600 VND"
00:37:12 15/6/2025,VJ196,SGN,HAN,12/08/2025,06:15,08:25,Deluxe,"2,138,600 VND"
00:37:12 15/6/2025,VJ196,SGN,HAN,12/08/2025,06:15,08:25,Eco,"1,544,600 VND"
00:37:12 15/6/2025,VJ1180,SGN,HAN,12/08/2025,06:30,08:40,Business,"6,404,600 VND"
00:37:12 15/6/2025,VJ1180,SGN,HAN,12/08/2025,06:30,08:40,Skyboss,"5,000,600 VND"
00:37:12 15/6/2025,VJ1180,SGN,HAN,12/08/2025,06:30,08:40,Deluxe,"2,138,600 VND"
00:37:12 15/6/2025,VJ1180,SGN,HAN,12/08/2025,06:30,08:40,Eco,"1,544,600 VND"
00:37:12 15/6/2025,VJ190,SGN,HAN,12/08/2025,07:10,09:20,Skyboss,"5,000,600 VND"
00:37:12 15/6/2025,VJ190,SGN,HAN,12/08/2025,07:10,09:20,Deluxe,"2,138,600 VND"
00:37:12 15/6/2025,VJ190,SGN,HAN,12/08/2025,07:10,09:20,Eco,"1,544,600 VND"
00:37:12 15/6/2025,VJ120,SGN,HAN,12/08/2025,07:30,09:40,Skyboss,"5,000,600 VND"
00:37:12 15/6/2025,VJ120,SGN,HAN,12/08/2025,07:30,09:40,Deluxe,"2,138,600 VND"
00:37:12 15/6/2025,VJ120,SGN,HAN,12/08/2025,07:30,09:40,Eco,"1,544,600 VND"
00:37:12 15/6/2025,VJ1126,SGN,HAN,12/08/2025,08:10,10:20,Skyboss,"5,000,600 VND"
00:37:12 15/6/2025,VJ1126,SGN,HAN,12/08/2025,08:10,10:20,Deluxe,"2,138,600 VND"
00:37:12 15/6/2025,VJ1126,SGN,HAN,12/08/2025,08:10,10:20,Eco,"1,544,600 VND"
00:37:12 15/6/2025,VJ124,SGN,HAN,12/08/2025,09:20,11:30,Skyboss,"5,000,600 VND"
00:37:12 15/6/2025,VJ124,SGN,HAN,12/08/2025,09:20,11:30,Deluxe,"2,138,600 VND"
00:37:12 15/6/2025,VJ124,SGN,HAN,12/08/2025,09:20,11:30,Eco,"1,544,600 VND"
00:37:12 15/6/2025,VJ1198,SGN,HAN,13/08/2025,05:00,07:10,Skyboss,"5,000,600 VND"
00:37:12 15/6/2025,VJ1198,SGN,HAN,13/08/2025,05:00,07:10,Deluxe,"2,138,600 VND"
00:37:12 15/6/2025,VJ1198,SGN,HAN,13/08/2025,05:00,07:10,Eco,"1,544,600 VND"
00:37:12 15/6/2025,VJ1128,SGN,HAN,13/08/2025,06:00,08:10,Skyboss,"5,000,600 VND"
00:37:12 15/6/2025,VJ1128,SGN,HAN,13/08/2025,06:00,08:10,Deluxe,"2,268,200 VND"
00:37:12 15/6/2025,VJ1128,SGN,HAN,13/08/2025,06:00,08:10,Eco,"1,674,200 VND"
00:37:12 15/6/2025,VJ196,SGN,HAN,13/08/2025,06:15,08:25,Skyboss,"5,000,600 VND"
00:37:12 15/6/2025,VJ196,SGN,HAN,13/08/2025,06:15,08:25,Deluxe,"2,138,600 VND"
00:37:12 15/6/2025,VJ196,SGN,HAN,13/08/2025,06:15,08:25,Eco,"1,544,600 VND"
00:37:12 15/6/2025,VJ190,SGN,HAN,13/08/2025,07:10,09:20,Skyboss,"5,000,600 VND"
00:37:12 15/6/2025,VJ190,SGN,HAN,13/08/2025,07:10,09:20,Deluxe,"2,138,600 VND"
00:37:12 15/6/2025,VJ190,SGN,HAN,13/08/2025,07:10,09:20,Eco,"1,544,600 VND"
00:37:12 15/6/2025,VJ120,SGN,HAN,13/08/2025,07:30,09:40,Skyboss,"5,000,600 VND"
00:37:12 15/6/2025,VJ120,SGN,HAN,13/08/2025,07:30,09:40,Deluxe,"2,138,600 VND"
00:37:12 15/6/2025,VJ120,SGN,HAN,13/08/2025,07:30,09:40,Eco,"1,544,600 VND"
00:37:12 15/6/2025,VJ1126,SGN,HAN,13/08/2025,08:10,10:20,Skyboss,"5,000,600 VND"
00:37:12 15/6/2025,VJ1126,SGN,HAN,13/08/2025,08:10,10:20,Deluxe,"2,138,600 VND"
00:37:12 15/6/2025,VJ1126,SGN,HAN,13/08/2025,08:10,10:20,Eco,"1,544,600 VND"
00:37:12 15/6/2025,VJ124,SGN,HAN,13/08/2025,09:20,11:30,Skyboss,"5,000,600 VND"
00:37:12 15/6/2025,VJ124,SGN,HAN,13/08/2025,09:20,11:30,Deluxe,"2,138,600 VND"
00:37:12 15/6/2025,VJ124,SGN,HAN,13/08/2025,09:20,11:30,Eco,"1,544,600 VND"
00:37:12 15/6/2025,VJ1130,SGN,HAN,13/08/2025,10:25,12:35,Skyboss,"5,000,600 VND"
00:37:12 15/6/2025,VJ1130,SGN,HAN,13/08/2025,10:25,12:35,Deluxe,"2,138,600 VND"
00:37:12 15/6/2025,VJ1130,SGN,HAN,13/08/2025,10:25,12:35,Eco,"1,544,600 VND"
00:37:12 15/6/2025,VJ1198,SGN,HAN,14/08/2025,05:00,07:10,Skyboss,"5,000,600 VND"
00:37:12 15/6/2025,VJ1198,SGN,HAN,14/08/2025,05:00,07:10,Deluxe,"2,138,600 VND"
00:37:12 15/6/2025,VJ1198,SGN,HAN,14/08/2025,05:00,07:10,Eco,"1,544,600 VND"
00:37:12 15/6/2025,VJ1128,SGN,HAN,14/08/2025,06:00,08:10,Skyboss,"5,000,600 VND"
00:37:12 15/6/2025,VJ1128,SGN,HAN,14/08/2025,06:00,08:10,Deluxe,"2,138,600 VND"
00:37:12 15/6/2025,VJ1128,SGN,HAN,14/08/2025,06:00,08:10,Eco,"1,544,600 VND"
00:37:12 15/6/2025,VJ196,SGN,HAN,14/08/2025,06:15,08:25,Skyboss,"5,000,600 VND"
00:37:12 15/6/2025,VJ196,SGN,HAN,14/08/2025,06:15,08:25,Deluxe,"2,138,600 VND"
00:37:12 15/6/2025,VJ196,SGN,HAN,14/08/2025,06:15,08:25,Eco,"1,544,600 VND"
00:37:12 15/6/2025,VJ190,SGN,HAN,14/08/2025,07:10,09:20,Skyboss,"5,000,600 VND"
00:37:12 15/6/2025,VJ190,SGN,HAN,14/08/2025,07:10,09:20,Deluxe,"2,138,600 VND"
00:37:12 15/6/2025,VJ190,SGN,HAN,14/08/2025,07:10,09:20,Eco,"1,544,600 VND"
00:37:12 15/6/2025,VJ120,SGN,HAN,14/08/2025,07:30,09:40,Skyboss,"5,000,600 VND"
00:37:12 15/6/2025,VJ120,SGN,HAN,14/08/2025,07:30,09:40,Deluxe,"2,138,600 VND"
00:37:12 15/6/2025,VJ120,SGN,HAN,14/08/2025,07:30,09:40,Eco,"1,544,600 VND"
00:37:12 15/6/2025,VJ1126,SGN,HAN,14/08/2025,08:10,10:20,Skyboss,"5,000,600 VND"
00:37:12 15/6/2025,VJ1126,SGN,HAN,14/08/2025,08:10,10:20,Deluxe,"2,138,600 VND"
00:37:12 15/6/2025,VJ1126,SGN,HAN,14/08/2025,08:10,10:20,Eco,"1,544,600 VND"
00:37:12 15/6/2025,VJ124,SGN,HAN,14/08/2025,09:20,11:30,Skyboss,"5,000,600 VND"
00:37:12 15/6/2025,VJ124,SGN,HAN,14/08/2025,09:20,11:30,Deluxe,"2,268,200 VND"
00:37:12 15/6/2025,VJ124,SGN,HAN,14/08/2025,09:20,11:30,Eco,"1,674,200 VND"
00:37:12 15/6/2025,VJ1130,SGN,HAN,14/08/2025,10:25,12:35,Skyboss,"5,000,600 VND"
00:37:12 15/6/2025,VJ1130,SGN,HAN,14/08/2025,10:25,12:35,Deluxe,"2,138,600 VND"
00:37:12 15/6/2025,VJ1130,SGN,HAN,14/08/2025,10:25,12:35,Eco,"1,544,600 VND"
00:37:12 15/6/2025,VJ1198,SGN,HAN,15/08/2025,05:00,07:10,Skyboss,"5,000,600 VND"
00:37:12 15/6/2025,VJ1198,SGN,HAN,15/08/2025,05:00,07:10,Deluxe,"2,138,600 VND"
00:37:12 15/6/2025,VJ1198,SGN,HAN,15/08/2025,05:00,07:10,Eco,"1,544,600 VND"
00:37:12 15/6/2025,VJ1128,SGN,HAN,15/08/2025,06:00,08:10,Skyboss,"5,000,600 VND"
00:37:12 15/6/2025,VJ1128,SGN,HAN,15/08/2025,06:00,08:10,Deluxe,"2,138,600 VND"
00:37:12 15/6/2025,VJ1128,SGN,HAN,15/08/2025,06:00,08:10,Eco,"1,544,600 VND"
00:37:12 15/6/2025,VJ196,SGN,HAN,15/08/2025,06:15,08:25,Skyboss,"5,000,600 VND"
00:37:12 15/6/2025,VJ196,SGN,HAN,15/08/2025,06:15,08:25,Deluxe,"2,138,600 VND"
00:37:12 15/6/2025,VJ196,SGN,HAN,15/08/2025,06:15,08:25,Eco,"1,544,600 VND"
00:37:12 15/6/2025,VJ190,SGN,HAN,15/08/2025,07:10,09:20,Skyboss,"5,000,600 VND"
00:37:12 15/6/2025,VJ190,SGN,HAN,15/08/2025,07:10,09:20,Deluxe,"2,138,600 VND"
00:37:12 15/6/2025,VJ190,SGN,HAN,15/08/2025,07:10,09:20,Eco,"1,544,600 VND"
00:37:12 15/6/2025,VJ120,SGN,HAN,15/08/2025,07:30,09:40,Skyboss,"5,000,600 VND"
00:37:12 15/6/2025,VJ120,SGN,HAN,15/08/2025,07:30,09:40,Deluxe,"2,138,600 VND"
00:37:12 15/6/2025,VJ120,SGN,HAN,15/08/2025,07:30,09:40,Eco,"1,544,600 VND"
00:37:12 15/6/2025,VJ1126,SGN,HAN,15/08/2025,08:10,10:20,Skyboss,"5,000,600 VND"
00:37:12 15/6/2025,VJ1126,SGN,HAN,15/08/2025,08:10,10:20,Deluxe,"2,138,600 VND"
00:37:12 15/6/2025,VJ1126,SGN,HAN,15/08/2025,08:10,10:20,Eco,"1,544,600 VND"
00:37:12 15/6/2025,VJ124,SGN,HAN,15/08/2025,09:20,11:30,Skyboss,"5,000,600 VND"
00:37:12 15/6/2025,VJ124,SGN,HAN,15/08/2025,09:20,11:30,Deluxe,"2,138,600 VND"
00:37:12 15/6/2025,VJ124,SGN,HAN,15/08/2025,09:20,11:30,Eco,"1,544,600 VND"
00:37:12 15/6/2025,VJ1130,SGN,HAN,15/08/2025,10:25,12:35,Skyboss,"5,000,600 VND"
00:37:12 15/6/2025,VJ1130,SGN,HAN,15/08/2025,10:25,12:35,Deluxe,"2,138,600 VND"
00:37:12 15/6/2025,VJ1130,SGN,HAN,15/08/2025,10:25,12:35,Eco,"1,544,600 VND"
00:37:12 15/6/2025,VJ1198,SGN,HAN,16/08/2025,05:00,07:10,Skyboss,"5,000,600 VND"
00:37:12 15/6/2025,VJ1198,SGN,HAN,16/08/2025,05:00,07:10,Deluxe,"2,138,600 VND"
00:37:12 15/6/2025,VJ1198,SGN,HAN,16/08/2025,05:00,07:10,Eco,"1,544,600 VND"
00:37:12 15/6/2025,VJ1128,SGN,HAN,16/08/2025,06:00,08:10,Skyboss,"5,000,600 VND"
00:37:12 15/6/2025,VJ1128,SGN,HAN,16/08/2025,06:00,08:10,Deluxe,"2,138,600 VND"
00:37:12 15/6/2025,VJ1128,SGN,HAN,16/08/2025,06:00,08:10,Eco,"1,544,600 VND"
00:37:12 15/6/2025,VJ196,SGN,HAN,16/08/2025,06:15,08:25,Skyboss,"5,000,600 VND"
00:37:12 15/6/2025,VJ196,SGN,HAN,16/08/2025,06:15,08:25,Deluxe,"2,138,600 VND"
00:37:12 15/6/2025,VJ196,SGN,HAN,16/08/2025,06:15,08:25,Eco,"1,544,600 VND"
00:37:12 15/6/2025,VJ190,SGN,HAN,16/08/2025,07:10,09:20,Skyboss,"5,000,600 VND"
00:37:12 15/6/2025,VJ190,SGN,HAN,16/08/2025,07:10,09:20,Deluxe,"2,138,600 VND"
00:37:12 15/6/2025,VJ190,SGN,HAN,16/08/2025,07:10,09:20,Eco,"1,544,600 VND"
00:37:12 15/6/2025,VJ120,SGN,HAN,16/08/2025,07:30,09:40,Skyboss,"5,000,600 VND"
00:37:12 15/6/2025,VJ120,SGN,HAN,16/08/2025,07:30,09:40,Deluxe,"2,138,600 VND"
00:37:12 15/6/2025,VJ120,SGN,HAN,16/08/2025,07:30,09:40,Eco,"1,544,600 VND"
00:37:12 15/6/2025,VJ1126,SGN,HAN,16/08/2025,08:10,10:20,Skyboss,"5,000,600 VND"
00:37:12 15/6/2025,VJ1126,SGN,HAN,16/08/2025,08:10,10:20,Deluxe,"2,138,600 VND"
00:37:12 15/6/2025,VJ1126,SGN,HAN,16/08/2025,08:10,10:20,Eco,"1,544,600 VND"
00:37:12 15/6/2025,VJ124,SGN,HAN,16/08/2025,09:20,11:30,Skyboss,"5,000,600 VND"
00:37:12 15/6/2025,VJ124,SGN,HAN,16/08/2025,09:20,11:30,Deluxe,"2,138,600 VND"
00:37:12 15/6/2025,VJ124,SGN,HAN,16/08/2025,09:20,11:30,Eco,"1,544,600 VND"
00:37:12 15/6/2025,VJ1130,SGN,HAN,16/08/2025,10:25,12:35,Skyboss,"5,000,600 VND"
00:37:12 15/6/2025,VJ1130,SGN,HAN,16/08/2025,10:25,12:35,Deluxe,"2,138,600 VND"
00:37:12 15/6/2025,VJ1130,SGN,HAN,16/08/2025,10:25,12:35,Eco,"1,544,600 VND"
00:37:12 15/6/2025,VJ1198,SGN,HAN,01/08/2025,05:00,07:10,Skyboss,"5,000,600 VND"
00:37:12 15/6/2025,VJ1198,SGN,HAN,01/08/2025,05:00,07:10,Deluxe,"2,138,600 VND"
00:37:12 15/6/2025,VJ1198,SGN,HAN,01/08/2025,05:00,07:10,Eco,"1,544,600 VND"
00:37:12 15/6/2025,VJ1128,SGN,HAN,01/08/2025,06:00,08:10,Skyboss,"5,000,600 VND"
00:37:12 15/6/2025,VJ1128,SGN,HAN,01/08/2025,06:00,08:10,Deluxe,"2,138,600 VND"
00:37:12 15/6/2025,VJ1128,SGN,HAN,01/08/2025,06:00,08:10,Eco,"1,544,600 VND"
00:37:12 15/6/2025,VJ196,SGN,HAN,01/08/2025,06:15,08:25,Skyboss,"5,000,600 VND"
00:37:12 15/6/2025,VJ196,SGN,HAN,01/08/2025,06:15,08:25,Deluxe,"2,138,600 VND"
00:37:12 15/6/2025,VJ196,SGN,HAN,01/08/2025,06:15,08:25,Eco,"1,544,600 VND"
00:37:12 15/6/2025,VJ190,SGN,HAN,01/08/2025,07:10,09:20,Skyboss,"5,000,600 VND"
00:37:12 15/6/2025,VJ190,SGN,HAN,01/08/2025,07:10,09:20,Deluxe,"2,138,600 VND"
00:37:12 15/6/2025,VJ190,SGN,HAN,01/08/2025,07:10,09:20,Eco,"1,544,600 VND"
00:37:12 15/6/2025,VJ120,SGN,HAN,01/08/2025,07:30,09:40,Skyboss,"5,000,600 VND"
00:37:12 15/6/2025,VJ120,SGN,HAN,01/08/2025,07:30,09:40,Deluxe,"2,138,600 VND"
00:37:12 15/6/2025,VJ120,SGN,HAN,01/08/2025,07:30,09:40,Eco,"1,544,600 VND"
00:37:12 15/6/2025,VJ1126,SGN,HAN,01/08/2025,08:10,10:20,Skyboss,"5,000,600 VND"
00:37:12 15/6/2025,VJ1126,SGN,HAN,01/08/2025,08:10,10:20,Deluxe,"2,138,600 VND"
00:37:12 15/6/2025,VJ1126,SGN,HAN,01/08/2025,08:10,10:20,Eco,"1,544,600 VND"
00:37:12 15/6/2025,VJ124,SGN,HAN,01/08/2025,09:20,11:30,Skyboss,"5,000,600 VND"
00:37:12 15/6/2025,VJ124,SGN,HAN,01/08/2025,09:20,11:30,Deluxe,"2,138,600 VND"
00:37:12 15/6/2025,VJ124,SGN,HAN,01/08/2025,09:20,11:30,Eco,"1,544,600 VND"
00:37:12 15/6/2025,VJ1130,SGN,HAN,01/08/2025,10:25,12:35,Skyboss,"5,000,600 VND"
00:37:12 15/6/2025,VJ1130,SGN,HAN,01/08/2025,10:25,12:35,Deluxe,"2,138,600 VND"
00:37:12 15/6/2025,VJ1130,SGN,HAN,01/08/2025,10:25,12:35,Eco,"1,544,600 VND"
00:37:12 15/6/2025,VJ1198,SGN,HAN,18/08/2025,05:00,07:10,Skyboss,"5,000,600 VND"
00:37:12 15/6/2025,VJ1198,SGN,HAN,18/08/2025,05:00,07:10,Deluxe,"2,138,600 VND"
00:37:12 15/6/2025,VJ1198,SGN,HAN,18/08/2025,05:00,07:10,Eco,"1,544,600 VND"
00:37:12 15/6/2025,VJ1128,SGN,HAN,18/08/2025,06:00,08:10,Skyboss,"5,000,600 VND"
00:37:12 15/6/2025,VJ1128,SGN,HAN,18/08/2025,06:00,08:10,Deluxe,"2,138,600 VND"
00:37:12 15/6/2025,VJ1128,SGN,HAN,18/08/2025,06:00,08:10,Eco,"1,544,600 VND"
00:37:12 15/6/2025,VJ196,SGN,HAN,18/08/2025,06:15,08:25,Skyboss,"5,000,600 VND"
00:37:12 15/6/2025,VJ196,SGN,HAN,18/08/2025,06:15,08:25,Deluxe,"2,138,600 VND"
00:37:12 15/6/2025,VJ196,SGN,HAN,18/08/2025,06:15,08:25,Eco,"1,544,600 VND"
00:37:12 15/6/2025,VJ1180,SGN,HAN,18/08/2025,06:30,08:40,Business,"6,404,600 VND"
00:37:12 15/6/2025,VJ1180,SGN,HAN,18/08/2025,06:30,08:40,Skyboss,"5,000,600 VND"
00:37:12 15/6/2025,VJ1180,SGN,HAN,18/08/2025,06:30,08:40,Deluxe,"2,138,600 VND"
00:37:12 15/6/2025,VJ1180,SGN,HAN,18/08/2025,06:30,08:40,Eco,"1,544,600 VND"
00:37:12 15/6/2025,VJ190,SGN,HAN,18/08/2025,07:10,09:20,Skyboss,"5,000,600 VND"
00:37:12 15/6/2025,VJ190,SGN,HAN,18/08/2025,07:10,09:20,Deluxe,"2,138,600 VND"
00:37:12 15/6/2025,VJ190,SGN,HAN,18/08/2025,07:10,09:20,Eco,"1,544,600 VND"
00:37:12 15/6/2025,VJ120,SGN,HAN,18/08/2025,07:30,09:40,Skyboss,"5,000,600 VND"
00:37:12 15/6/2025,VJ120,SGN,HAN,18/08/2025,07:30,09:40,Deluxe,"2,138,600 VND"
00:37:12 15/6/2025,VJ120,SGN,HAN,18/08/2025,07:30,09:40,Eco,"1,544,600 VND"
00:37:12 15/6/2025,VJ1126,SGN,HAN,18/08/2025,08:10,10:20,Skyboss,"5,000,600 VND"
00:37:12 15/6/2025,VJ1126,SGN,HAN,18/08/2025,08:10,10:20,Deluxe,"2,138,600 VND"
00:37:12 15/6/2025,VJ1126,SGN,HAN,18/08/2025,08:10,10:20,Eco,"1,544,600 VND"
00:37:12 15/6/2025,VJ124,SGN,HAN,18/08/2025,09:20,11:30,Skyboss,"5,000,600 VND"
00:37:12 15/6/2025,VJ124,SGN,HAN,18/08/2025,09:20,11:30,Deluxe,"2,138,600 VND"
00:37:12 15/6/2025,VJ124,SGN,HAN,18/08/2025,09:20,11:30,Eco,"1,544,600 VND"
00:37:12 15/6/2025,VJ1198,SGN,HAN,19/08/2025,05:00,07:10,Skyboss,"5,000,600 VND"
00:37:12 15/6/2025,VJ1198,SGN,HAN,19/08/2025,05:00,07:10,Deluxe,"2,138,600 VND"
00:37:12 15/6/2025,VJ1198,SGN,HAN,19/08/2025,05:00,07:10,Eco,"1,544,600 VND"
00:37:12 15/6/2025,VJ1128,SGN,HAN,19/08/2025,06:00,08:10,Skyboss,"5,000,600 VND"
00:37:12 15/6/2025,VJ1128,SGN,HAN,19/08/2025,06:00,08:10,Deluxe,"2,138,600 VND"
00:37:12 15/6/2025,VJ1128,SGN,HAN,19/08/2025,06:00,08:10,Eco,"1,544,600 VND"
00:37:12 15/6/2025,VJ196,SGN,HAN,19/08/2025,06:15,08:25,Skyboss,"5,000,600 VND"
00:37:12 15/6/2025,VJ196,SGN,HAN,19/08/2025,06:15,08:25,Deluxe,"2,138,600 VND"
00:37:12 15/6/2025,VJ196,SGN,HAN,19/08/2025,06:15,08:25,Eco,"1,544,600 VND"
00:37:12 15/6/2025,VJ1180,SGN,HAN,19/08/2025,06:30,08:40,Business,"6,404,600 VND"
00:37:12 15/6/2025,VJ1180,SGN,HAN,19/08/2025,06:30,08:40,Skyboss,"5,000,600 VND"
00:37:12 15/6/2025,VJ1180,SGN,HAN,19/08/2025,06:30,08:40,Deluxe,"2,138,600 VND"
00:37:12 15/6/2025,VJ1180,SGN,HAN,19/08/2025,06:30,08:40,Eco,"1,544,600 VND"
00:37:12 15/6/2025,VJ190,SGN,HAN,19/08/2025,07:10,09:20,Skyboss,"5,000,600 VND"
00:37:12 15/6/2025,VJ190,SGN,HAN,19/08/2025,07:10,09:20,Deluxe,"2,138,600 VND"
00:37:12 15/6/2025,VJ190,SGN,HAN,19/08/2025,07:10,09:20,Eco,"1,544,600 VND"
00:37:12 15/6/2025,VJ120,SGN,HAN,19/08/2025,07:30,09:40,Skyboss,"5,000,600 VND"
00:37:12 15/6/2025,VJ120,SGN,HAN,19/08/2025,07:30,09:40,Deluxe,"2,138,600 VND"
00:37:12 15/6/2025,VJ120,SGN,HAN,19/08/2025,07:30,09:40,Eco,"1,544,600 VND"
00:37:12 15/6/2025,VJ1126,SGN,HAN,19/08/2025,08:10,10:20,Skyboss,"5,000,600 VND"
00:37:12 15/6/2025,VJ1126,SGN,HAN,19/08/2025,08:10,10:20,Deluxe,"2,138,600 VND"
00:37:12 15/6/2025,VJ1126,SGN,HAN,19/08/2025,08:10,10:20,Eco,"1,544,600 VND"
00:37:12 15/6/2025,VJ124,SGN,HAN,19/08/2025,09:20,11:30,Skyboss,"5,000,600 VND"
00:37:12 15/6/2025,VJ124,SGN,HAN,19/08/2025,09:20,11:30,Deluxe,"2,138,600 VND"
00:37:12 15/6/2025,VJ124,SGN,HAN,19/08/2025,09:20,11:30,Eco,"1,544,600 VND"
00:37:12 15/6/2025,VJ1198,SGN,HAN,20/08/2025,05:00,07:10,Skyboss,"5,000,600 VND"
00:37:12 15/6/2025,VJ1198,SGN,HAN,20/08/2025,05:00,07:10,Deluxe,"2,138,600 VND"
00:37:12 15/6/2025,VJ1198,SGN,HAN,20/08/2025,05:00,07:10,Eco,"1,544,600 VND"
00:37:12 15/6/2025,VJ1128,SGN,HAN,20/08/2025,06:00,08:10,Skyboss,"5,000,600 VND"
00:37:12 15/6/2025,VJ1128,SGN,HAN,20/08/2025,06:00,08:10,Deluxe,"2,138,600 VND"
00:37:12 15/6/2025,VJ1128,SGN,HAN,20/08/2025,06:00,08:10,Eco,"1,544,600 VND"
00:37:12 15/6/2025,VJ196,SGN,HAN,20/08/2025,06:15,08:25,Skyboss,"5,000,600 VND"
00:37:12 15/6/2025,VJ196,SGN,HAN,20/08/2025,06:15,08:25,Deluxe,"2,138,600 VND"
00:37:12 15/6/2025,VJ196,SGN,HAN,20/08/2025,06:15,08:25,Eco,"1,544,600 VND"
00:37:12 15/6/2025,VJ190,SGN,HAN,20/08/2025,07:10,09:20,Skyboss,"5,000,600 VND"
00:37:12 15/6/2025,VJ190,SGN,HAN,20/08/2025,07:10,09:20,Deluxe,"2,268,200 VND"
00:37:12 15/6/2025,VJ190,SGN,HAN,20/08/2025,07:10,09:20,Eco,"1,674,200 VND"
00:37:12 15/6/2025,VJ120,SGN,HAN,20/08/2025,07:30,09:40,Skyboss,"5,000,600 VND"
00:37:12 15/6/2025,VJ120,SGN,HAN,20/08/2025,07:30,09:40,Deluxe,"2,268,200 VND"
00:37:12 15/6/2025,VJ120,SGN,HAN,20/08/2025,07:30,09:40,Eco,"1,674,200 VND"
00:37:12 15/6/2025,VJ1126,SGN,HAN,20/08/2025,08:10,10:20,Skyboss,"5,000,600 VND"
00:37:12 15/6/2025,VJ1126,SGN,HAN,20/08/2025,08:10,10:20,Deluxe,"2,138,600 VND"
00:37:12 15/6/2025,VJ1126,SGN,HAN,20/08/2025,08:10,10:20,Eco,"1,544,600 VND"
00:37:12 15/6/2025,VJ124,SGN,HAN,20/08/2025,09:20,11:30,Skyboss,"5,000,600 VND"
00:37:12 15/6/2025,VJ124,SGN,HAN,20/08/2025,09:20,11:30,Deluxe,"2,138,600 VND"
00:37:12 15/6/2025,VJ124,SGN,HAN,20/08/2025,09:20,11:30,Eco,"1,544,600 VND"
00:37:12 15/6/2025,VJ1130,SGN,HAN,20/08/2025,10:25,12:35,Skyboss,"5,000,600 VND"
00:37:12 15/6/2025,VJ1130,SGN,HAN,20/08/2025,10:25,12:35,Deluxe,"2,138,600 VND"
00:37:12 15/6/2025,VJ1130,SGN,HAN,20/08/2025,10:25,12:35,Eco,"1,544,600 VND"
00:37:12 15/6/2025,VJ1198,SGN,HAN,21/08/2025,05:00,07:10,Skyboss,"5,000,600 VND"
00:37:12 15/6/2025,VJ1198,SGN,HAN,21/08/2025,05:00,07:10,Deluxe,"2,138,600 VND"
00:37:12 15/6/2025,VJ1198,SGN,HAN,21/08/2025,05:00,07:10,Eco,"1,544,600 VND"
00:37:12 15/6/2025,VJ1128,SGN,HAN,21/08/2025,06:00,08:10,Skyboss,"5,000,600 VND"
00:37:12 15/6/2025,VJ1128,SGN,HAN,21/08/2025,06:00,08:10,Deluxe,"2,138,600 VND"
00:37:12 15/6/2025,VJ1128,SGN,HAN,21/08/2025,06:00,08:10,Eco,"1,544,600 VND"
00:37:12 15/6/2025,VJ196,SGN,HAN,21/08/2025,06:15,08:25,Skyboss,"5,000,600 VND"
00:37:12 15/6/2025,VJ196,SGN,HAN,21/08/2025,06:15,08:25,Deluxe,"2,138,600 VND"
00:37:12 15/6/2025,VJ196,SGN,HAN,21/08/2025,06:15,08:25,Eco,"1,544,600 VND"
00:37:12 15/6/2025,VJ190,SGN,HAN,21/08/2025,07:10,09:20,Skyboss,"5,000,600 VND"
00:37:12 15/6/2025,VJ190,SGN,HAN,21/08/2025,07:10,09:20,Deluxe,"2,138,600 VND"
00:37:12 15/6/2025,VJ190,SGN,HAN,21/08/2025,07:10,09:20,Eco,"1,544,600 VND"
00:37:12 15/6/2025,VJ120,SGN,HAN,21/08/2025,07:30,09:40,Skyboss,"5,000,600 VND"
00:37:12 15/6/2025,VJ120,SGN,HAN,21/08/2025,07:30,09:40,Deluxe,"2,138,600 VND"
00:37:12 15/6/2025,VJ120,SGN,HAN,21/08/2025,07:30,09:40,Eco,"1,544,600 VND"
00:37:12 15/6/2025,VJ1126,SGN,HAN,21/08/2025,08:10,10:20,Skyboss,"5,000,600 VND"
00:37:12 15/6/2025,VJ1126,SGN,HAN,21/08/2025,08:10,10:20,Deluxe,"2,138,600 VND"
00:37:12 15/6/2025,VJ1126,SGN,HAN,21/08/2025,08:10,10:20,Eco,"1,544,600 VND"
00:37:12 15/6/2025,VJ124,SGN,HAN,21/08/2025,09:20,11:30,Skyboss,"5,000,600 VND"
00:37:12 15/6/2025,VJ124,SGN,HAN,21/08/2025,09:20,11:30,Deluxe,"2,138,600 VND"
00:37:12 15/6/2025,VJ124,SGN,HAN,21/08/2025,09:20,11:30,Eco,"1,544,600 VND"
00:37:12 15/6/2025,VJ1130,SGN,HAN,21/08/2025,10:25,12:35,Skyboss,"5,000,600 VND"
00:37:12 15/6/2025,VJ1130,SGN,HAN,21/08/2025,10:25,12:35,Deluxe,"3,110,600 VND"
00:37:12 15/6/2025,VJ1130,SGN,HAN,21/08/2025,10:25,12:35,Eco,"2,516,600 VND"
00:37:12 15/6/2025,VJ1198,SGN,HAN,22/08/2025,05:00,07:10,Skyboss,"5,000,600 VND"
00:37:12 15/6/2025,VJ1198,SGN,HAN,22/08/2025,05:00,07:10,Deluxe,"2,138,600 VND"
00:37:12 15/6/2025,VJ1198,SGN,HAN,22/08/2025,05:00,07:10,Eco,"1,544,600 VND"
00:37:12 15/6/2025,VJ1128,SGN,HAN,22/08/2025,06:00,08:10,Skyboss,"5,000,600 VND"
00:37:12 15/6/2025,VJ1128,SGN,HAN,22/08/2025,06:00,08:10,Deluxe,"2,138,600 VND"
00:37:12 15/6/2025,VJ1128,SGN,HAN,22/08/2025,06:00,08:10,Eco,"1,544,600 VND"
00:37:12 15/6/2025,VJ196,SGN,HAN,22/08/2025,06:15,08:25,Skyboss,"5,000,600 VND"
00:37:12 15/6/2025,VJ196,SGN,HAN,22/08/2025,06:15,08:25,Deluxe,"2,138,600 VND"
00:37:12 15/6/2025,VJ196,SGN,HAN,22/08/2025,06:15,08:25,Eco,"1,544,600 VND"
00:37:12 15/6/2025,VJ190,SGN,HAN,22/08/2025,07:10,09:20,Skyboss,"5,000,600 VND"
00:37:12 15/6/2025,VJ190,SGN,HAN,22/08/2025,07:10,09:20,Deluxe,"2,138,600 VND"
00:37:12 15/6/2025,VJ190,SGN,HAN,22/08/2025,07:10,09:20,Eco,"1,544,600 VND"
00:37:12 15/6/2025,VJ120,SGN,HAN,22/08/2025,07:30,09:40,Skyboss,"5,000,600 VND"
00:37:12 15/6/2025,VJ120,SGN,HAN,22/08/2025,07:30,09:40,Deluxe,"2,138,600 VND"
00:37:12 15/6/2025,VJ120,SGN,HAN,22/08/2025,07:30,09:40,Eco,"1,544,600 VND"
00:37:12 15/6/2025,VJ1126,SGN,HAN,22/08/2025,08:10,10:20,Skyboss,"5,000,600 VND"
00:37:12 15/6/2025,VJ1126,SGN,HAN,22/08/2025,08:10,10:20,Deluxe,"2,138,600 VND"
00:37:12 15/6/2025,VJ1126,SGN,HAN,22/08/2025,08:10,10:20,Eco,"1,544,600 VND"
00:37:12 15/6/2025,VJ124,SGN,HAN,22/08/2025,09:20,11:30,Skyboss,"5,000,600 VND"
00:37:12 15/6/2025,VJ124,SGN,HAN,22/08/2025,09:20,11:30,Deluxe,"2,138,600 VND"
00:37:12 15/6/2025,VJ124,SGN,HAN,22/08/2025,09:20,11:30,Eco,"1,544,600 VND"
00:37:12 15/6/2025,VJ1130,SGN,HAN,22/08/2025,10:25,12:35,Skyboss,"5,000,600 VND"
00:37:12 15/6/2025,VJ1130,SGN,HAN,22/08/2025,10:25,12:35,Deluxe,"2,138,600 VND"
00:37:12 15/6/2025,VJ1130,SGN,HAN,22/08/2025,10:25,12:35,Eco,"1,544,600 VND"
00:37:12 15/6/2025,VJ1198,SGN,HAN,23/08/2025,05:00,07:10,Skyboss,"5,000,600 VND"
00:37:12 15/6/2025,VJ1198,SGN,HAN,23/08/2025,05:00,07:10,Deluxe,"2,138,600 VND"
00:37:12 15/6/2025,VJ1198,SGN,HAN,23/08/2025,05:00,07:10,Eco,"1,544,600 VND"
00:37:12 15/6/2025,VJ1128,SGN,HAN,23/08/2025,06:00,08:10,Skyboss,"5,000,600 VND"
00:37:12 15/6/2025,VJ1128,SGN,HAN,23/08/2025,06:00,08:10,Deluxe,"2,138,600 VND"
00:37:12 15/6/2025,VJ1128,SGN,HAN,23/08/2025,06:00,08:10,Eco,"1,544,600 VND"
00:37:12 15/6/2025,VJ196,SGN,HAN,23/08/2025,06:15,08:25,Skyboss,"5,000,600 VND"
00:37:12 15/6/2025,VJ196,SGN,HAN,23/08/2025,06:15,08:25,Deluxe,"2,138,600 VND"
00:37:12 15/6/2025,VJ196,SGN,HAN,23/08/2025,06:15,08:25,Eco,"1,544,600 VND"
00:37:12 15/6/2025,VJ190,SGN,HAN,23/08/2025,07:10,09:20,Skyboss,"5,000,600 VND"
00:37:12 15/6/2025,VJ190,SGN,HAN,23/08/2025,07:10,09:20,Deluxe,"2,138,600 VND"
00:37:12 15/6/2025,VJ190,SGN,HAN,23/08/2025,07:10,09:20,Eco,"1,544,600 VND"
00:37:12 15/6/2025,VJ120,SGN,HAN,23/08/2025,07:30,09:40,Skyboss,"5,000,600 VND"
00:37:12 15/6/2025,VJ120,SGN,HAN,23/08/2025,07:30,09:40,Deluxe,"2,138,600 VND"
00:37:12 15/6/2025,VJ120,SGN,HAN,23/08/2025,07:30,09:40,Eco,"1,544,600 VND"
00:37:12 15/6/2025,VJ1126,SGN,HAN,23/08/2025,08:10,10:20,Skyboss,"5,000,600 VND"
00:37:12 15/6/2025,VJ1126,SGN,HAN,23/08/2025,08:10,10:20,Deluxe,"2,138,600 VND"
00:37:12 15/6/2025,VJ1126,SGN,HAN,23/08/2025,08:10,10:20,Eco,"1,544,600 VND"
00:37:12 15/6/2025,VJ124,SGN,HAN,23/08/2025,09:20,11:30,Skyboss,"5,000,600 VND"
00:37:12 15/6/2025,VJ124,SGN,HAN,23/08/2025,09:20,11:30,Deluxe,"2,138,600 VND"
00:37:12 15/6/2025,VJ124,SGN,HAN,23/08/2025,09:20,11:30,Eco,"1,544,600 VND"
00:37:12 15/6/2025,VJ1130,SGN,HAN,23/08/2025,10:25,12:35,Skyboss,"5,000,600 VND"
00:37:12 15/6/2025,VJ1130,SGN,HAN,23/08/2025,10:25,12:35,Deluxe,"2,138,600 VND"
00:37:12 15/6/2025,VJ1130,SGN,HAN,23/08/2025,10:25,12:35,Eco,"1,544,600 VND"
00:37:12 15/6/2025,VJ1198,SGN,HAN,01/08/2025,05:00,07:10,Skyboss,"5,000,600 VND"
00:37:12 15/6/2025,VJ1198,SGN,HAN,01/08/2025,05:00,07:10,Deluxe,"2,138,600 VND"
00:37:12 15/6/2025,VJ1198,SGN,HAN,01/08/2025,05:00,07:10,Eco,"1,544,600 VND"
00:37:12 15/6/2025,VJ1128,SGN,HAN,01/08/2025,06:00,08:10,Skyboss,"5,000,600 VND"
00:37:12 15/6/2025,VJ1128,SGN,HAN,01/08/2025,06:00,08:10,Deluxe,"2,138,600 VND"
00:37:12 15/6/2025,VJ1128,SGN,HAN,01/08/2025,06:00,08:10,Eco,"1,544,600 VND"
00:37:12 15/6/2025,VJ196,SGN,HAN,01/08/2025,06:15,08:25,Skyboss,"5,000,600 VND"
00:37:12 15/6/2025,VJ196,SGN,HAN,01/08/2025,06:15,08:25,Deluxe,"2,138,600 VND"
00:37:12 15/6/2025,VJ196,SGN,HAN,01/08/2025,06:15,08:25,Eco,"1,544,600 VND"
00:37:12 15/6/2025,VJ190,SGN,HAN,01/08/2025,07:10,09:20,Skyboss,"5,000,600 VND"
00:37:12 15/6/2025,VJ190,SGN,HAN,01/08/2025,07:10,09:20,Deluxe,"2,138,600 VND"
00:37:12 15/6/2025,VJ190,SGN,HAN,01/08/2025,07:10,09:20,Eco,"1,544,600 VND"
00:37:12 15/6/2025,VJ120,SGN,HAN,01/08/2025,07:30,09:40,Skyboss,"5,000,600 VND"
00:37:12 15/6/2025,VJ120,SGN,HAN,01/08/2025,07:30,09:40,Deluxe,"2,138,600 VND"
00:37:12 15/6/2025,VJ120,SGN,HAN,01/08/2025,07:30,09:40,Eco,"1,544,600 VND"
00:37:12 15/6/2025,VJ1126,SGN,HAN,01/08/2025,08:10,10:20,Skyboss,"5,000,600 VND"
00:37:12 15/6/2025,VJ1126,SGN,HAN,01/08/2025,08:10,10:20,Deluxe,"2,138,600 VND"
00:37:12 15/6/2025,VJ1126,SGN,HAN,01/08/2025,08:10,10:20,Eco,"1,544,600 VND"
00:37:12 15/6/2025,VJ124,SGN,HAN,01/08/2025,09:20,11:30,Skyboss,"5,000,600 VND"
00:37:12 15/6/2025,VJ124,SGN,HAN,01/08/2025,09:20,11:30,Deluxe,"2,138,600 VND"
00:37:12 15/6/2025,VJ124,SGN,HAN,01/08/2025,09:20,11:30,Eco,"1,544,600 VND"
00:37:12 15/6/2025,VJ1130,SGN,HAN,01/08/2025,10:25,12:35,Skyboss,"5,000,600 VND"
00:37:12 15/6/2025,VJ1130,SGN,HAN,01/08/2025,10:25,12:35,Deluxe,"2,138,600 VND"
00:37:12 15/6/2025,VJ1130,SGN,HAN,01/08/2025,10:25,12:35,Eco,"1,544,600 VND"
00:37:12 15/6/2025,VJ1198,SGN,HAN,25/08/2025,05:00,07:10,Skyboss,"5,000,600 VND"
00:37:12 15/6/2025,VJ1198,SGN,HAN,25/08/2025,05:00,07:10,Deluxe,"2,138,600 VND"
00:37:12 15/6/2025,VJ1198,SGN,HAN,25/08/2025,05:00,07:10,Eco,"1,544,600 VND"
00:37:12 15/6/2025,VJ1128,SGN,HAN,25/08/2025,06:00,08:10,Skyboss,"5,000,600 VND"
00:37:12 15/6/2025,VJ1128,SGN,HAN,25/08/2025,06:00,08:10,Deluxe,"2,138,600 VND"
00:37:12 15/6/2025,VJ1128,SGN,HAN,25/08/2025,06:00,08:10,Eco,"1,544,600 VND"
00:37:12 15/6/2025,VJ196,SGN,HAN,25/08/2025,06:15,08:25,Skyboss,"5,000,600 VND"
00:37:12 15/6/2025,VJ196,SGN,HAN,25/08/2025,06:15,08:25,Deluxe,"2,138,600 VND"
00:37:12 15/6/2025,VJ196,SGN,HAN,25/08/2025,06:15,08:25,Eco,"1,544,600 VND"
00:37:12 15/6/2025,VJ1180,SGN,HAN,25/08/2025,06:30,08:40,Business,"6,404,600 VND"
00:37:12 15/6/2025,VJ1180,SGN,HAN,25/08/2025,06:30,08:40,Skyboss,"5,000,600 VND"
00:37:12 15/6/2025,VJ1180,SGN,HAN,25/08/2025,06:30,08:40,Deluxe,"2,138,600 VND"
00:37:12 15/6/2025,VJ1180,SGN,HAN,25/08/2025,06:30,08:40,Eco,"1,544,600 VND"
00:37:12 15/6/2025,VJ190,SGN,HAN,25/08/2025,07:10,09:20,Skyboss,"5,000,600 VND"
00:37:12 15/6/2025,VJ190,SGN,HAN,25/08/2025,07:10,09:20,Deluxe,"2,138,600 VND"
00:37:12 15/6/2025,VJ190,SGN,HAN,25/08/2025,07:10,09:20,Eco,"1,544,600 VND"
00:37:12 15/6/2025,VJ120,SGN,HAN,25/08/2025,07:30,09:40,Skyboss,"5,000,600 VND"
00:37:12 15/6/2025,VJ120,SGN,HAN,25/08/2025,07:30,09:40,Deluxe,"2,138,600 VND"
00:37:12 15/6/2025,VJ120,SGN,HAN,25/08/2025,07:30,09:40,Eco,"1,544,600 VND"
00:37:12 15/6/2025,VJ1126,SGN,HAN,25/08/2025,08:10,10:20,Skyboss,"5,000,600 VND"
00:37:12 15/6/2025,VJ1126,SGN,HAN,25/08/2025,08:10,10:20,Deluxe,"2,138,600 VND"
00:37:12 15/6/2025,VJ1126,SGN,HAN,25/08/2025,08:10,10:20,Eco,"1,544,600 VND"
00:37:12 15/6/2025,VJ124,SGN,HAN,25/08/2025,09:20,11:30,Skyboss,"5,000,600 VND"
00:37:12 15/6/2025,VJ124,SGN,HAN,25/08/2025,09:20,11:30,Deluxe,"2,138,600 VND"
00:37:12 15/6/2025,VJ124,SGN,HAN,25/08/2025,09:20,11:30,Eco,"1,544,600 VND"
00:37:12 15/6/2025,VJ1198,SGN,HAN,26/08/2025,05:00,07:10,Skyboss,"5,000,600 VND"
00:37:12 15/6/2025,VJ1198,SGN,HAN,26/08/2025,05:00,07:10,Deluxe,"2,268,200 VND"
00:37:12 15/6/2025,VJ1198,SGN,HAN,26/08/2025,05:00,07:10,Eco,"1,674,200 VND"
00:37:12 15/6/2025,VJ1128,SGN,HAN,26/08/2025,06:00,08:10,Skyboss,"5,000,600 VND"
00:37:12 15/6/2025,VJ1128,SGN,HAN,26/08/2025,06:00,08:10,Deluxe,"2,268,200 VND"
00:37:12 15/6/2025,VJ1128,SGN,HAN,26/08/2025,06:00,08:10,Eco,"1,674,200 VND"
00:37:12 15/6/2025,VJ196,SGN,HAN,26/08/2025,06:15,08:25,Skyboss,"5,000,600 VND"
00:37:12 15/6/2025,VJ196,SGN,HAN,26/08/2025,06:15,08:25,Deluxe,"2,397,800 VND"
00:37:12 15/6/2025,VJ196,SGN,HAN,26/08/2025,06:15,08:25,Eco,"1,803,800 VND"
00:37:12 15/6/2025,VJ1180,SGN,HAN,26/08/2025,06:30,08:40,Business,"6,404,600 VND"
00:37:12 15/6/2025,VJ1180,SGN,HAN,26/08/2025,06:30,08:40,Skyboss,"5,000,600 VND"
00:37:12 15/6/2025,VJ1180,SGN,HAN,26/08/2025,06:30,08:40,Deluxe,"2,268,200 VND"
00:37:12 15/6/2025,VJ1180,SGN,HAN,26/08/2025,06:30,08:40,Eco,"1,674,200 VND"
00:37:12 15/6/2025,VJ190,SGN,HAN,26/08/2025,07:10,09:20,Skyboss,"5,000,600 VND"
00:37:12 15/6/2025,VJ190,SGN,HAN,26/08/2025,07:10,09:20,Deluxe,"2,397,800 VND"
00:37:12 15/6/2025,VJ190,SGN,HAN,26/08/2025,07:10,09:20,Eco,"1,803,800 VND"
00:37:12 15/6/2025,VJ120,SGN,HAN,26/08/2025,07:30,09:40,Skyboss,"5,000,600 VND"
00:37:12 15/6/2025,VJ120,SGN,HAN,26/08/2025,07:30,09:40,Deluxe,"2,397,800 VND"
00:37:12 15/6/2025,VJ120,SGN,HAN,26/08/2025,07:30,09:40,Eco,"1,803,800 VND"
00:37:12 15/6/2025,VJ1126,SGN,HAN,26/08/2025,08:10,10:20,Skyboss,"5,000,600 VND"
00:37:12 15/6/2025,VJ1126,SGN,HAN,26/08/2025,08:10,10:20,Deluxe,"2,397,800 VND"
00:37:12 15/6/2025,VJ1126,SGN,HAN,26/08/2025,08:10,10:20,Eco,"1,803,800 VND"
00:37:12 15/6/2025,VJ124,SGN,HAN,26/08/2025,09:20,11:30,Skyboss,"5,000,600 VND"
00:37:12 15/6/2025,VJ124,SGN,HAN,26/08/2025,09:20,11:30,Deluxe,"2,397,800 VND"
00:37:12 15/6/2025,VJ124,SGN,HAN,26/08/2025,09:20,11:30,Eco,"1,803,800 VND"
00:37:12 15/6/2025,VJ1198,SGN,HAN,26/08/2025,05:00,07:10,Skyboss,"5,000,600 VND"
00:37:12 15/6/2025,VJ1198,SGN,HAN,26/08/2025,05:00,07:10,Deluxe,"2,268,200 VND"
00:37:12 15/6/2025,VJ1198,SGN,HAN,26/08/2025,05:00,07:10,Eco,"1,674,200 VND"
00:37:12 15/6/2025,VJ1128,SGN,HAN,26/08/2025,06:00,08:10,Skyboss,"5,000,600 VND"
00:37:12 15/6/2025,VJ1128,SGN,HAN,26/08/2025,06:00,08:10,Deluxe,"2,268,200 VND"
00:37:12 15/6/2025,VJ1128,SGN,HAN,26/08/2025,06:00,08:10,Eco,"1,674,200 VND"
00:37:12 15/6/2025,VJ196,SGN,HAN,26/08/2025,06:15,08:25,Skyboss,"5,000,600 VND"
00:37:12 15/6/2025,VJ196,SGN,HAN,26/08/2025,06:15,08:25,Deluxe,"2,397,800 VND"
00:37:12 15/6/2025,VJ196,SGN,HAN,26/08/2025,06:15,08:25,Eco,"1,803,800 VND"
00:37:12 15/6/2025,VJ1180,SGN,HAN,26/08/2025,06:30,08:40,Business,"6,404,600 VND"
00:37:12 15/6/2025,VJ1180,SGN,HAN,26/08/2025,06:30,08:40,Skyboss,"5,000,600 VND"
00:37:12 15/6/2025,VJ1180,SGN,HAN,26/08/2025,06:30,08:40,Deluxe,"2,268,200 VND"
00:37:12 15/6/2025,VJ1180,SGN,HAN,26/08/2025,06:30,08:40,Eco,"1,674,200 VND"
00:37:12 15/6/2025,VJ190,SGN,HAN,26/08/2025,07:10,09:20,Skyboss,"5,000,600 VND"
00:37:12 15/6/2025,VJ190,SGN,HAN,26/08/2025,07:10,09:20,Deluxe,"2,397,800 VND"
00:37:12 15/6/2025,VJ190,SGN,HAN,26/08/2025,07:10,09:20,Eco,"1,803,800 VND"
00:37:12 15/6/2025,VJ120,SGN,HAN,26/08/2025,07:30,09:40,Skyboss,"5,000,600 VND"
00:37:12 15/6/2025,VJ120,SGN,HAN,26/08/2025,07:30,09:40,Deluxe,"2,397,800 VND"
00:37:12 15/6/2025,VJ120,SGN,HAN,26/08/2025,07:30,09:40,Eco,"1,803,800 VND"
00:37:12 15/6/2025,VJ1126,SGN,HAN,26/08/2025,08:10,10:20,Skyboss,"5,000,600 VND"
00:37:12 15/6/2025,VJ1126,SGN,HAN,26/08/2025,08:10,10:20,Deluxe,"2,397,800 VND"
00:37:12 15/6/2025,VJ1126,SGN,HAN,26/08/2025,08:10,10:20,Eco,"1,803,800 VND"
00:37:12 15/6/2025,VJ124,SGN,HAN,26/08/2025,09:20,11:30,Skyboss,"5,000,600 VND"
00:37:12 15/6/2025,VJ124,SGN,HAN,26/08/2025,09:20,11:30,Deluxe,"2,397,800 VND"
00:37:12 15/6/2025,VJ124,SGN,HAN,26/08/2025,09:20,11:30,Eco,"1,803,800 VND"
00:37:12 15/6/2025,VJ1198,SGN,HAN,26/08/2025,05:00,07:10,Skyboss,"5,000,600 VND"
00:37:12 15/6/2025,VJ1198,SGN,HAN,26/08/2025,05:00,07:10,Deluxe,"2,268,200 VND"
00:37:12 15/6/2025,VJ1198,SGN,HAN,26/08/2025,05:00,07:10,Eco,"1,674,200 VND"
00:37:12 15/6/2025,VJ1128,SGN,HAN,26/08/2025,06:00,08:10,Skyboss,"5,000,600 VND"
00:37:12 15/6/2025,VJ1128,SGN,HAN,26/08/2025,06:00,08:10,Deluxe,"2,268,200 VND"
00:37:12 15/6/2025,VJ1128,SGN,HAN,26/08/2025,06:00,08:10,Eco,"1,674,200 VND"
00:37:12 15/6/2025,VJ196,SGN,HAN,26/08/2025,06:15,08:25,Skyboss,"5,000,600 VND"
00:37:12 15/6/2025,VJ196,SGN,HAN,26/08/2025,06:15,08:25,Deluxe,"2,397,800 VND"
00:37:12 15/6/2025,VJ196,SGN,HAN,26/08/2025,06:15,08:25,Eco,"1,803,800 VND"
00:37:12 15/6/2025,VJ1180,SGN,HAN,26/08/2025,06:30,08:40,Business,"6,404,600 VND"
00:37:12 15/6/2025,VJ1180,SGN,HAN,26/08/2025,06:30,08:40,Skyboss,"5,000,600 VND"
00:37:12 15/6/2025,VJ1180,SGN,HAN,26/08/2025,06:30,08:40,Deluxe,"2,268,200 VND"
00:37:12 15/6/2025,VJ1180,SGN,HAN,26/08/2025,06:30,08:40,Eco,"1,674,200 VND"
00:37:12 15/6/2025,VJ190,SGN,HAN,26/08/2025,07:10,09:20,Skyboss,"5,000,600 VND"
00:37:12 15/6/2025,VJ190,SGN,HAN,26/08/2025,07:10,09:20,Deluxe,"2,397,800 VND"
00:37:12 15/6/2025,VJ190,SGN,HAN,26/08/2025,07:10,09:20,Eco,"1,803,800 VND"
00:37:12 15/6/2025,VJ120,SGN,HAN,26/08/2025,07:30,09:40,Skyboss,"5,000,600 VND"
00:37:12 15/6/2025,VJ120,SGN,HAN,26/08/2025,07:30,09:40,Deluxe,"2,397,800 VND"
00:37:12 15/6/2025,VJ120,SGN,HAN,26/08/2025,07:30,09:40,Eco,"1,803,800 VND"
00:37:12 15/6/2025,VJ1126,SGN,HAN,26/08/2025,08:10,10:20,Skyboss,"5,000,600 VND"
00:37:12 15/6/2025,VJ1126,SGN,HAN,26/08/2025,08:10,10:20,Deluxe,"2,397,800 VND"
00:37:12 15/6/2025,VJ1126,SGN,HAN,26/08/2025,08:10,10:20,Eco,"1,803,800 VND"
00:37:12 15/6/2025,VJ124,SGN,HAN,26/08/2025,09:20,11:30,Skyboss,"5,000,600 VND"
00:37:12 15/6/2025,VJ124,SGN,HAN,26/08/2025,09:20,11:30,Deluxe,"2,397,800 VND"
00:37:12 15/6/2025,VJ124,SGN,HAN,26/08/2025,09:20,11:30,Eco,"1,803,800 VND"
00:37:12 15/6/2025,VJ1198,SGN,HAN,26/08/2025,05:00,07:10,Skyboss,"5,000,600 VND"
00:37:12 15/6/2025,VJ1198,SGN,HAN,26/08/2025,05:00,07:10,Deluxe,"2,268,200 VND"
00:37:12 15/6/2025,VJ1198,SGN,HAN,26/08/2025,05:00,07:10,Eco,"1,674,200 VND"
00:37:12 15/6/2025,VJ1128,SGN,HAN,26/08/2025,06:00,08:10,Skyboss,"5,000,600 VND"
00:37:12 15/6/2025,VJ1128,SGN,HAN,26/08/2025,06:00,08:10,Deluxe,"2,268,200 VND"
00:37:12 15/6/2025,VJ1128,SGN,HAN,26/08/2025,06:00,08:10,Eco,"1,674,200 VND"
00:37:12 15/6/2025,VJ196,SGN,HAN,26/08/2025,06:15,08:25,Skyboss,"5,000,600 VND"
00:37:12 15/6/2025,VJ196,SGN,HAN,26/08/2025,06:15,08:25,Deluxe,"2,397,800 VND"
00:37:12 15/6/2025,VJ196,SGN,HAN,26/08/2025,06:15,08:25,Eco,"1,803,800 VND"
00:37:12 15/6/2025,VJ1180,SGN,HAN,26/08/2025,06:30,08:40,Business,"6,404,600 VND"
00:37:12 15/6/2025,VJ1180,SGN,HAN,26/08/2025,06:30,08:40,Skyboss,"5,000,600 VND"
00:37:12 15/6/2025,VJ1180,SGN,HAN,26/08/2025,06:30,08:40,Deluxe,"2,268,200 VND"
00:37:12 15/6/2025,VJ1180,SGN,HAN,26/08/2025,06:30,08:40,Eco,"1,674,200 VND"
00:37:12 15/6/2025,VJ190,SGN,HAN,26/08/2025,07:10,09:20,Skyboss,"5,000,600 VND"
00:37:12 15/6/2025,VJ190,SGN,HAN,26/08/2025,07:10,09:20,Deluxe,"2,397,800 VND"
00:37:12 15/6/2025,VJ190,SGN,HAN,26/08/2025,07:10,09:20,Eco,"1,803,800 VND"
00:37:12 15/6/2025,VJ120,SGN,HAN,26/08/2025,07:30,09:40,Skyboss,"5,000,600 VND"
00:37:12 15/6/2025,VJ120,SGN,HAN,26/08/2025,07:30,09:40,Deluxe,"2,397,800 VND"
00:37:12 15/6/2025,VJ120,SGN,HAN,26/08/2025,07:30,09:40,Eco,"1,803,800 VND"
00:37:12 15/6/2025,VJ1126,SGN,HAN,26/08/2025,08:10,10:20,Skyboss,"5,000,600 VND"
00:37:12 15/6/2025,VJ1126,SGN,HAN,26/08/2025,08:10,10:20,Deluxe,"2,397,800 VND"
00:37:12 15/6/2025,VJ1126,SGN,HAN,26/08/2025,08:10,10:20,Eco,"1,803,800 VND"
00:37:12 15/6/2025,VJ124,SGN,HAN,26/08/2025,09:20,11:30,Skyboss,"5,000,600 VND"
00:37:12 15/6/2025,VJ124,SGN,HAN,26/08/2025,09:20,11:30,Deluxe,"2,397,800 VND"
00:37:12 15/6/2025,VJ124,SGN,HAN,26/08/2025,09:20,11:30,Eco,"1,803,800 VND"
00:37:12 15/6/2025,VJ1198,SGN,HAN,26/08/2025,05:00,07:10,Skyboss,"5,000,600 VND"
00:37:12 15/6/2025,VJ1198,SGN,HAN,26/08/2025,05:00,07:10,Deluxe,"2,268,200 VND"
00:37:12 15/6/2025,VJ1198,SGN,HAN,26/08/2025,05:00,07:10,Eco,"1,674,200 VND"
00:37:12 15/6/2025,VJ1128,SGN,HAN,26/08/2025,06:00,08:10,Skyboss,"5,000,600 VND"
00:37:12 15/6/2025,VJ1128,SGN,HAN,26/08/2025,06:00,08:10,Deluxe,"2,268,200 VND"
00:37:12 15/6/2025,VJ1128,SGN,HAN,26/08/2025,06:00,08:10,Eco,"1,674,200 VND"
00:37:12 15/6/2025,VJ196,SGN,HAN,26/08/2025,06:15,08:25,Skyboss,"5,000,600 VND"
00:37:12 15/6/2025,VJ196,SGN,HAN,26/08/2025,06:15,08:25,Deluxe,"2,397,800 VND"
00:37:12 15/6/2025,VJ196,SGN,HAN,26/08/2025,06:15,08:25,Eco,"1,803,800 VND"
00:37:12 15/6/2025,VJ1180,SGN,HAN,26/08/2025,06:30,08:40,Business,"6,404,600 VND"
00:37:12 15/6/2025,VJ1180,SGN,HAN,26/08/2025,06:30,08:40,Skyboss,"5,000,600 VND"
00:37:12 15/6/2025,VJ1180,SGN,HAN,26/08/2025,06:30,08:40,Deluxe,"2,268,200 VND"
00:37:12 15/6/2025,VJ1180,SGN,HAN,26/08/2025,06:30,08:40,Eco,"1,674,200 VND"
00:37:12 15/6/2025,VJ190,SGN,HAN,26/08/2025,07:10,09:20,Skyboss,"5,000,600 VND"
00:37:12 15/6/2025,VJ190,SGN,HAN,26/08/2025,07:10,09:20,Deluxe,"2,397,800 VND"
00:37:12 15/6/2025,VJ190,SGN,HAN,26/08/2025,07:10,09:20,Eco,"1,803,800 VND"
00:37:12 15/6/2025,VJ120,SGN,HAN,26/08/2025,07:30,09:40,Skyboss,"5,000,600 VND"
00:37:12 15/6/2025,VJ120,SGN,HAN,26/08/2025,07:30,09:40,Deluxe,"2,397,800 VND"
00:37:12 15/6/2025,VJ120,SGN,HAN,26/08/2025,07:30,09:40,Eco,"1,803,800 VND"
00:37:12 15/6/2025,VJ1126,SGN,HAN,26/08/2025,08:10,10:20,Skyboss,"5,000,600 VND"
00:37:12 15/6/2025,VJ1126,SGN,HAN,26/08/2025,08:10,10:20,Deluxe,"2,397,800 VND"
00:37:12 15/6/2025,VJ1126,SGN,HAN,26/08/2025,08:10,10:20,Eco,"1,803,800 VND"
00:37:12 15/6/2025,VJ124,SGN,HAN,26/08/2025,09:20,11:30,Skyboss,"5,000,600 VND"
00:37:12 15/6/2025,VJ124,SGN,HAN,26/08/2025,09:20,11:30,Deluxe,"2,397,800 VND"
00:37:12 15/6/2025,VJ124,SGN,HAN,26/08/2025,09:20,11:30,Eco,"1,803,800 VND"
00:50:05 15/6/2025,VJ1198,SGN,HAN,29/08/2025,05:00,07:10,Skyboss,"5,000,600 VND"
00:50:05 15/6/2025,VJ1198,SGN,HAN,29/08/2025,05:00,07:10,Deluxe,"2,732,600 VND"
00:50:05 15/6/2025,VJ1198,SGN,HAN,29/08/2025,05:00,07:10,Eco,"2,138,600 VND"
00:50:05 15/6/2025,VJ1128,SGN,HAN,29/08/2025,06:00,08:10,Skyboss,"5,000,600 VND"
00:50:05 15/6/2025,VJ1128,SGN,HAN,29/08/2025,06:00,08:10,Deluxe,"2,732,600 VND"
00:50:05 15/6/2025,VJ1128,SGN,HAN,29/08/2025,06:00,08:10,Eco,"2,138,600 VND"
00:50:05 15/6/2025,VJ196,SGN,HAN,29/08/2025,06:15,08:25,Skyboss,"5,000,600 VND"
00:50:05 15/6/2025,VJ196,SGN,HAN,29/08/2025,06:15,08:25,Deluxe,"2,732,600 VND"
00:50:05 15/6/2025,VJ196,SGN,HAN,29/08/2025,06:15,08:25,Eco,"2,138,600 VND"
00:50:05 15/6/2025,VJ190,SGN,HAN,29/08/2025,07:10,09:20,Skyboss,"5,000,600 VND"
00:50:05 15/6/2025,VJ190,SGN,HAN,29/08/2025,07:10,09:20,Deluxe,"2,732,600 VND"
00:50:05 15/6/2025,VJ190,SGN,HAN,29/08/2025,07:10,09:20,Eco,"2,138,600 VND"
00:50:05 15/6/2025,VJ120,SGN,HAN,29/08/2025,07:30,09:40,Skyboss,"5,000,600 VND"
00:50:05 15/6/2025,VJ120,SGN,HAN,29/08/2025,07:30,09:40,Deluxe,"2,732,600 VND"
00:50:05 15/6/2025,VJ120,SGN,HAN,29/08/2025,07:30,09:40,Eco,"2,138,600 VND"
00:50:05 15/6/2025,VJ1126,SGN,HAN,29/08/2025,08:10,10:20,Skyboss,"5,000,600 VND"
00:50:05 15/6/2025,VJ1126,SGN,HAN,29/08/2025,08:10,10:20,Deluxe,"2,732,600 VND"
00:50:05 15/6/2025,VJ1126,SGN,HAN,29/08/2025,08:10,10:20,Eco,"2,138,600 VND"
00:50:05 15/6/2025,VJ124,SGN,HAN,29/08/2025,09:20,11:30,Skyboss,"5,000,600 VND"
00:50:05 15/6/2025,VJ124,SGN,HAN,29/08/2025,09:20,11:30,Deluxe,"2,916,200 VND"
00:50:05 15/6/2025,VJ124,SGN,HAN,29/08/2025,09:20,11:30,Eco,"2,322,200 VND"
00:50:05 15/6/2025,VJ1130,SGN,HAN,29/08/2025,10:25,12:35,Skyboss,"5,000,600 VND"
00:50:05 15/6/2025,VJ1130,SGN,HAN,29/08/2025,10:25,12:35,Deluxe,"2,916,200 VND"
00:50:05 15/6/2025,VJ1130,SGN,HAN,29/08/2025,10:25,12:35,Eco,"2,322,200 VND"
00:50:05 15/6/2025,VJ1198,SGN,HAN,30/08/2025,05:00,07:10,Skyboss,"5,000,600 VND"
00:50:05 15/6/2025,VJ1198,SGN,HAN,30/08/2025,05:00,07:10,Deluxe,"3,510,200 VND"
00:50:05 15/6/2025,VJ1198,SGN,HAN,30/08/2025,05:00,07:10,Eco,"2,916,200 VND"
00:50:05 15/6/2025,VJ1128,SGN,HAN,30/08/2025,06:00,08:10,Skyboss,"5,000,600 VND"
00:50:05 15/6/2025,VJ1128,SGN,HAN,30/08/2025,06:00,08:10,Deluxe,"3,510,200 VND"
00:50:05 15/6/2025,VJ1128,SGN,HAN,30/08/2025,06:00,08:10,Eco,"2,916,200 VND"
00:50:05 15/6/2025,VJ196,SGN,HAN,30/08/2025,06:15,08:25,Skyboss,"5,000,600 VND"
00:50:05 15/6/2025,VJ196,SGN,HAN,30/08/2025,06:15,08:25,Deluxe,"3,110,600 VND"
00:50:05 15/6/2025,VJ196,SGN,HAN,30/08/2025,06:15,08:25,Eco,"2,516,600 VND"
00:50:05 15/6/2025,VJ190,SGN,HAN,30/08/2025,07:10,09:20,Skyboss,"5,000,600 VND"
00:50:05 15/6/2025,VJ190,SGN,HAN,30/08/2025,07:10,09:20,Deluxe,"3,110,600 VND"
00:50:05 15/6/2025,VJ190,SGN,HAN,30/08/2025,07:10,09:20,Eco,"2,516,600 VND"
00:50:05 15/6/2025,VJ120,SGN,HAN,30/08/2025,07:30,09:40,Skyboss,"5,000,600 VND"
00:50:05 15/6/2025,VJ120,SGN,HAN,30/08/2025,07:30,09:40,Deluxe,"3,326,600 VND"
00:50:05 15/6/2025,VJ120,SGN,HAN,30/08/2025,07:30,09:40,Eco,"2,732,600 VND"
00:50:05 15/6/2025,VJ1126,SGN,HAN,30/08/2025,08:10,10:20,Skyboss,"5,000,600 VND"
00:50:05 15/6/2025,VJ1126,SGN,HAN,30/08/2025,08:10,10:20,Deluxe,"3,326,600 VND"
00:50:05 15/6/2025,VJ1126,SGN,HAN,30/08/2025,08:10,10:20,Eco,"2,732,600 VND"
00:50:05 15/6/2025,VJ124,SGN,HAN,30/08/2025,09:20,11:30,Skyboss,"5,000,600 VND"
00:50:05 15/6/2025,VJ124,SGN,HAN,30/08/2025,09:20,11:30,Deluxe,"3,510,200 VND"
00:50:05 15/6/2025,VJ124,SGN,HAN,30/08/2025,09:20,11:30,Eco,"2,916,200 VND"
00:50:05 15/6/2025,VJ1130,SGN,HAN,30/08/2025,10:25,12:35,Skyboss,"5,000,600 VND"
00:50:05 15/6/2025,VJ1130,SGN,HAN,30/08/2025,10:25,12:35,Deluxe,"4,190,600 VND"
00:50:05 15/6/2025,VJ1130,SGN,HAN,30/08/2025,10:25,12:35,Eco,"3,596,600 VND"
